requirement_id,source_locator,source_text,context,kind,intended_units,intended_component,acceptance_owner,acceptance_cases,acceptance_assertion,evidence_type,case_reference,status,evidence_location,exclusion_reason
R0-001,REQUIREMENTS.md:L5,Quillhaven Academy needs repeatable support preparing an evidence-backed review of AI use against EU AI Act Article 50 for Legal and Operations.,Scenario,normative,U03/U07/U19/U20,runner.py / skill package / operating guide,U03/U07/U19/U20 implementation verifier; U20 closure reviewer,T23;T01;T18;T31,"For Scenario, independently check this leaf: Quillhaven Academy needs repeatable support preparing an evidence-backed review of AI use against EU AI Act Article 50 for Legal and Operations. Apply T23 expected records and artifact observations; failure or unsupported evidence cannot count as demonstrated.",S;I;R;M,docs/acceptance-cases.md#t23,not-demonstrated,not-yet-produced,
R0-002,REQUIREMENTS.md:L7,The assigned review date is **26 August 2026**. Actual source retrieval times must be recorded separately from the assigned review date and from source version or effective dates.,Scenario,normative,U03/U07/U19/U20,runner.py / skill package / operating guide,U03/U07/U19/U20 implementation verifier; U20 closure reviewer,T09;T01;T18;T23;T31,"For Scenario, independently check this leaf: The assigned review date is **26 August 2026**. Actual source retrieval times must be recorded separately from the assigned review date and from source version or effective dates. Apply T09 expected records and artifact observations; failure or unsupported evidence cannot count as demonstrated.",S;I;R;M,docs/acceptance-cases.md#t09,not-demonstrated,not-yet-produced,
R0-003,REQUIREMENTS.md:L11,Build and execute an Agent Skills-compliant skill named:,Objective,normative,U03/U07/U19/U20,runner.py / skill package / operating guide,U03/U07/U19/U20 implementation verifier; U20 closure reviewer,T31;T01;T18;T23,"For Objective, independently check this leaf: Build and execute an Agent Skills-compliant skill named:. Apply T31 expected records and artifact observations; failure or unsupported evidence cannot count as demonstrated.",S;I;R;M,docs/acceptance-cases.md#t31,not-demonstrated,not-yet-produced,
R0-004,REQUIREMENTS.md:L13,`regulatory-change-impact-brief`,Objective / Build and execute an Agent Skills-compliant skill named:,normative,U03/U07/U19/U20,runner.py / skill package / operating guide,U03/U07/U19/U20 implementation verifier; U20 closure reviewer,T31;T01;T18;T23,"For Objective / Build and execute an Agent Skills-compliant skill named:, independently check this leaf: `regulatory-change-impact-brief`. Apply T31 expected records and artifact observations; failure or unsupported evidence cannot count as demonstrated.",S;I;R;M,docs/acceptance-cases.md#t31,not-demonstrated,not-yet-produced,
R0-005,REQUIREMENTS.md:L15,The skill must:,Objective,normative,U03/U07/U19/U20,runner.py / skill package / operating guide,U03/U07/U19/U20 implementation verifier; U20 closure reviewer,T01;T31;T18;T23,"For Objective, independently check this leaf: The skill must:. Apply T01 expected records and artifact observations; failure or unsupported evidence cannot count as demonstrated.",S;I;R;M,docs/acceptance-cases.md#t01,not-demonstrated,not-yet-produced,
R0-006,REQUIREMENTS.md:L17,Read the current disclosed company sources.,Objective / The skill must:,normative,U03/U07/U19/U20,runner.py / skill package / operating guide,U03/U07/U19/U20 implementation verifier; U20 closure reviewer,T25;T01;T18;T23;T31,"For Objective / The skill must:, independently check this leaf: Read the current disclosed company sources. Apply T25 expected records and artifact observations; failure or unsupported evidence cannot count as demonstrated.",S;I;R;M,docs/acceptance-cases.md#t25,not-demonstrated,not-yet-produced,
R0-007,REQUIREMENTS.md:L18,Obtain the required official online legal sources on every run.,Objective / The skill must:,normative,U03/U07/U19/U20,runner.py / skill package / operating guide,U03/U07/U19/U20 implementation verifier; U20 closure reviewer,T25;T01;T18;T23;T31,"For Objective / The skill must:, independently check this leaf: Obtain the required official online legal sources on every run. Apply T25 expected records and artifact observations; failure or unsupported evidence cannot count as demonstrated.",S;I;R;M,docs/acceptance-cases.md#t25,not-demonstrated,not-yet-produced,
R0-008,REQUIREMENTS.md:L19,"Produce a consistent, review-ready draft package.",Objective / The skill must:,normative,U03/U07/U19/U20,runner.py / skill package / operating guide,U03/U07/U19/U20 implementation verifier; U20 closure reviewer,T01;T18;T23;T31,"For Objective / The skill must:, independently check this leaf: Produce a consistent, review-ready draft package. Apply T01 expected records and artifact observations; failure or unsupported evidence cannot count as demonstrated.",S;I;R;M,docs/acceptance-cases.md#t01,not-demonstrated,not-yet-produced,
R0-009,REQUIREMENTS.md:L20,"Preserve source provenance, uncertainty, conflicts, unresolved items, and human decision boundaries.",Objective / The skill must:,normative,U03/U07/U19/U20,runner.py / skill package / operating guide,U03/U07/U19/U20 implementation verifier; U20 closure reviewer,T01;T18;T23;T31,"For Objective / The skill must:, independently check this leaf: Preserve source provenance, uncertainty, conflicts, unresolved items, and human decision boundaries. Apply T01 expected records and artifact observations; failure or unsupported evidence cannot count as demonstrated.",S;I;R;M,docs/acceptance-cases.md#t01,not-demonstrated,not-yet-produced,
R0-010,REQUIREMENTS.md:L21,Explain important automation choices and trade-offs.,Objective / The skill must:,normative,U03/U07/U19/U20,runner.py / skill package / operating guide,U03/U07/U19/U20 implementation verifier; U20 closure reviewer,T32;T01;T18;T23;T31,"For Objective / The skill must:, independently check this leaf: Explain important automation choices and trade-offs. Apply T32 expected records and artifact observations; failure or unsupported evidence cannot count as demonstrated.",S;I;R;M,docs/acceptance-cases.md#t32,not-demonstrated,not-yet-produced,
R0-011,REQUIREMENTS.md:L22,Remain read-only.,Objective / The skill must:,normative,U03/U07/U19/U20,runner.py / skill package / operating guide,U03/U07/U19/U20 implementation verifier; U20 closure reviewer,T18;T01;T23;T31,"For Objective / The skill must:, independently check this leaf: Remain read-only. Apply T18 expected records and artifact observations; failure or unsupported evidence cannot count as demonstrated.",S;I;R;M,docs/acceptance-cases.md#t18,not-demonstrated,not-yet-produced,
R0-012,REQUIREMENTS.md:L24,The automation must not:,Objective,normative,U03/U07/U19/U20,runner.py / skill package / operating guide,U03/U07/U19/U20 implementation verifier; U20 closure reviewer,T01;T18;T23;T31,"For Objective, independently check this leaf: The automation must not:. Apply T01 expected records and artifact observations; failure or unsupported evidence cannot count as demonstrated.",S;I;R;M,docs/acceptance-cases.md#t01,not-demonstrated,not-yet-produced,
R0-013,REQUIREMENTS.md:L26,expose credentials;,Objective / The automation must not:,normative,U03/U07/U19/U20,runner.py / skill package / operating guide,U03/U07/U19/U20 implementation verifier; U20 closure reviewer,T18;T01;T23;T31,"For Objective / The automation must not:, independently check this leaf: expose credentials. Apply T18 expected records and artifact observations; failure or unsupported evidence cannot count as demonstrated.",S;I;R;M,docs/acceptance-cases.md#t18,not-demonstrated,not-yet-produced,
R0-014,REQUIREMENTS.md:L27,alter source systems;,Objective / The automation must not:,normative,U03/U07/U19/U20,runner.py / skill package / operating guide,U03/U07/U19/U20 implementation verifier; U20 closure reviewer,T18;T01;T23;T31,"For Objective / The automation must not:, independently check this leaf: alter source systems. Apply T18 expected records and artifact observations; failure or unsupported evidence cannot count as demonstrated.",S;I;R;M,docs/acceptance-cases.md#t18,not-demonstrated,not-yet-produced,
R0-015,REQUIREMENTS.md:L28,provide final legal advice;,Objective / The automation must not:,normative,U03/U07/U19/U20,runner.py / skill package / operating guide,U03/U07/U19/U20 implementation verifier; U20 closure reviewer,T27;T01;T18;T23;T31,"For Objective / The automation must not:, independently check this leaf: provide final legal advice. Apply T27 expected records and artifact observations; failure or unsupported evidence cannot count as demonstrated.",S;I;R;M,docs/acceptance-cases.md#t27,not-demonstrated,not-yet-produced,
R0-016,REQUIREMENTS.md:L29,activate policy;,Objective / The automation must not:,normative,U03/U07/U19/U20,runner.py / skill package / operating guide,U03/U07/U19/U20 implementation verifier; U20 closure reviewer,T18;T01;T23;T31,"For Objective / The automation must not:, independently check this leaf: activate policy. Apply T18 expected records and artifact observations; failure or unsupported evidence cannot count as demonstrated.",S;I;R;M,docs/acceptance-cases.md#t18,not-demonstrated,not-yet-produced,
R0-017,REQUIREMENTS.md:L30,change approved deadlines;,Objective / The automation must not:,normative,U03/U07/U19/U20,runner.py / skill package / operating guide,U03/U07/U19/U20 implementation verifier; U20 closure reviewer,T18;T01;T23;T31,"For Objective / The automation must not:, independently check this leaf: change approved deadlines. Apply T18 expected records and artifact observations; failure or unsupported evidence cannot count as demonstrated.",S;I;R;M,docs/acceptance-cases.md#t18,not-demonstrated,not-yet-produced,
R0-018,REQUIREMENTS.md:L31,close incidents;,Objective / The automation must not:,normative,U03/U07/U19/U20,runner.py / skill package / operating guide,U03/U07/U19/U20 implementation verifier; U20 closure reviewer,T18;T01;T23;T31,"For Objective / The automation must not:, independently check this leaf: close incidents. Apply T18 expected records and artifact observations; failure or unsupported evidence cannot count as demonstrated.",S;I;R;M,docs/acceptance-cases.md#t18,not-demonstrated,not-yet-produced,
R0-019,REQUIREMENTS.md:L32,send official responses;,Objective / The automation must not:,normative,U03/U07/U19/U20,runner.py / skill package / operating guide,U03/U07/U19/U20 implementation verifier; U20 closure reviewer,T18;T01;T23;T31,"For Objective / The automation must not:, independently check this leaf: send official responses. Apply T18 expected records and artifact observations; failure or unsupported evidence cannot count as demonstrated.",S;I;R;M,docs/acceptance-cases.md#t18,not-demonstrated,not-yet-produced,
R0-020,REQUIREMENTS.md:L33,write to a production calendar.,Objective / The automation must not:,normative,U03/U07/U19/U20,runner.py / skill package / operating guide,U03/U07/U19/U20 implementation verifier; U20 closure reviewer,T18;T01;T23;T31,"For Objective / The automation must not:, independently check this leaf: write to a production calendar. Apply T18 expected records and artifact observations; failure or unsupported evidence cannot count as demonstrated.",S;I;R;M,docs/acceptance-cases.md#t18,not-demonstrated,not-yet-produced,
R0-021,REQUIREMENTS.md:L35,Legal and Operations retain final decision authority.,Objective,normative,U03/U07/U19/U20,runner.py / skill package / operating guide,U03/U07/U19/U20 implementation verifier; U20 closure reviewer,T29;T01;T18;T23;T31,"For Objective, independently check this leaf: Legal and Operations retain final decision authority. Apply T29 expected records and artifact observations; failure or unsupported evidence cannot count as demonstrated.",S;I;R;M,docs/acceptance-cases.md#t29,not-demonstrated,not-yet-produced,
R0-022,REQUIREMENTS.md:L41,The completed implementation must contain:,Required Repository Outputs,normative,U03/U07/U19/U20,runner.py / skill package / operating guide,U03/U07/U19/U20 implementation verifier; U20 closure reviewer,T31;T01;T18;T23,"For Required Repository Outputs, independently check this leaf: The completed implementation must contain:. Apply T31 expected records and artifact observations; failure or unsupported evidence cannot count as demonstrated.",S;I;R;M,docs/acceptance-cases.md#t31,not-demonstrated,not-yet-produced,
R0-023,REQUIREMENTS.md:L44,regulatory-change-impact-brief/,Required Repository Outputs / The completed implementation must contain:,normative,U03/U07/U19/U20,required repository / deliverables tree,U03/U07/U19/U20 implementation verifier; U20 closure reviewer,T31,"For Required Repository Outputs / The completed implementation must contain:, independently check this leaf: regulatory-change-impact-brief/. Apply T31 expected records and artifact observations; failure or unsupported evidence cannot count as demonstrated.",S;I;R;M,docs/acceptance-cases.md#t31,not-demonstrated,not-yet-produced,
R0-024,REQUIREMENTS.md:L45,├── SKILL.md,Required Repository Outputs / The completed implementation must contain:,normative,U03/U07/U19/U20,required repository / deliverables tree,U03/U07/U19/U20 implementation verifier; U20 closure reviewer,T31,"For Required Repository Outputs / The completed implementation must contain:, independently check this leaf: ├── SKILL.md. Apply T31 expected records and artifact observations; failure or unsupported evidence cannot count as demonstrated.",S;I;R;M,docs/acceptance-cases.md#t31,not-demonstrated,not-yet-produced,
R0-025,REQUIREMENTS.md:L46,├── scripts/,Required Repository Outputs / The completed implementation must contain:,normative,U03/U07/U19/U20,required repository / deliverables tree,U03/U07/U19/U20 implementation verifier; U20 closure reviewer,T31,"For Required Repository Outputs / The completed implementation must contain:, independently check this leaf: ├── scripts/. Apply T31 expected records and artifact observations; failure or unsupported evidence cannot count as demonstrated.",S;I;R;M,docs/acceptance-cases.md#t31,not-demonstrated,not-yet-produced,
R0-026,REQUIREMENTS.md:L47,└── references/,Required Repository Outputs / The completed implementation must contain:,normative,U03/U07/U19/U20,required repository / deliverables tree,U03/U07/U19/U20 implementation verifier; U20 closure reviewer,T31,"For Required Repository Outputs / The completed implementation must contain:, independently check this leaf: └── references/. Apply T31 expected records and artifact observations; failure or unsupported evidence cannot count as demonstrated.",S;I;R;M,docs/acceptance-cases.md#t31,not-demonstrated,not-yet-produced,
R0-027,REQUIREMENTS.md:L49,deliverables/,Required Repository Outputs / The completed implementation must contain:,normative,U03/U07/U19/U20,required repository / deliverables tree,U03/U07/U19/U20 implementation verifier; U20 closure reviewer,T31,"For Required Repository Outputs / The completed implementation must contain:, independently check this leaf: deliverables/. Apply T31 expected records and artifact observations; failure or unsupported evidence cannot count as demonstrated.",S;I;R;M,docs/acceptance-cases.md#t31,not-demonstrated,not-yet-produced,
R0-028,REQUIREMENTS.md:L50,├── sources/,Required Repository Outputs / The completed implementation must contain:,normative,U03/U07/U19/U20,required repository / deliverables tree,U03/U07/U19/U20 implementation verifier; U20 closure reviewer,T31,"For Required Repository Outputs / The completed implementation must contain:, independently check this leaf: ├── sources/. Apply T31 expected records and artifact observations; failure or unsupported evidence cannot count as demonstrated.",S;I;R;M,docs/acceptance-cases.md#t31,not-demonstrated,not-yet-produced,
R0-029,REQUIREMENTS.md:L51,├── snapshots/,Required Repository Outputs / The completed implementation must contain:,normative,U03/U07/U19/U20,required repository / deliverables tree,U03/U07/U19/U20 implementation verifier; U20 closure reviewer,T31,"For Required Repository Outputs / The completed implementation must contain:, independently check this leaf: ├── snapshots/. Apply T31 expected records and artifact observations; failure or unsupported evidence cannot count as demonstrated.",S;I;R;M,docs/acceptance-cases.md#t31,not-demonstrated,not-yet-produced,
R0-030,REQUIREMENTS.md:L52,│   ├── 01-scope.json,Required Repository Outputs / The completed implementation must contain:,normative,U03/U07/U19/U20,required repository / deliverables tree,U03/U07/U19/U20 implementation verifier; U20 closure reviewer,T31,"For Required Repository Outputs / The completed implementation must contain:, independently check this leaf: │   ├── 01-scope.json. Apply T31 expected records and artifact observations; failure or unsupported evidence cannot count as demonstrated.",S;I;R;M,docs/acceptance-cases.md#t31,not-demonstrated,not-yet-produced,
R0-031,REQUIREMENTS.md:L53,│   ├── 02-source-capture.json,Required Repository Outputs / The completed implementation must contain:,normative,U03/U07/U19/U20,required repository / deliverables tree,U03/U07/U19/U20 implementation verifier; U20 closure reviewer,T31,"For Required Repository Outputs / The completed implementation must contain:, independently check this leaf: │   ├── 02-source-capture.json. Apply T31 expected records and artifact observations; failure or unsupported evidence cannot count as demonstrated.",S;I;R;M,docs/acceptance-cases.md#t31,not-demonstrated,not-yet-produced,
R0-032,REQUIREMENTS.md:L54,│   ├── 03-authority-and-timing.json,Required Repository Outputs / The completed implementation must contain:,normative,U03/U07/U19/U20,required repository / deliverables tree,U03/U07/U19/U20 implementation verifier; U20 closure reviewer,T31,"For Required Repository Outputs / The completed implementation must contain:, independently check this leaf: │   ├── 03-authority-and-timing.json. Apply T31 expected records and artifact observations; failure or unsupported evidence cannot count as demonstrated.",S;I;R;M,docs/acceptance-cases.md#t31,not-demonstrated,not-yet-produced,
R0-033,REQUIREMENTS.md:L55,│   ├── 04-evidence-reconciliation.json,Required Repository Outputs / The completed implementation must contain:,normative,U03/U07/U19/U20,required repository / deliverables tree,U03/U07/U19/U20 implementation verifier; U20 closure reviewer,T31,"For Required Repository Outputs / The completed implementation must contain:, independently check this leaf: │   ├── 04-evidence-reconciliation.json. Apply T31 expected records and artifact observations; failure or unsupported evidence cannot count as demonstrated.",S;I;R;M,docs/acceptance-cases.md#t31,not-demonstrated,not-yet-produced,
R0-034,REQUIREMENTS.md:L56,│   ├── 05-impact-analysis.json,Required Repository Outputs / The completed implementation must contain:,normative,U03/U07/U19/U20,required repository / deliverables tree,U03/U07/U19/U20 implementation verifier; U20 closure reviewer,T31,"For Required Repository Outputs / The completed implementation must contain:, independently check this leaf: │   ├── 05-impact-analysis.json. Apply T31 expected records and artifact observations; failure or unsupported evidence cannot count as demonstrated.",S;I;R;M,docs/acceptance-cases.md#t31,not-demonstrated,not-yet-produced,
R0-035,REQUIREMENTS.md:L57,│   ├── 06-actions-and-approvals.json,Required Repository Outputs / The completed implementation must contain:,normative,U03/U07/U19/U20,required repository / deliverables tree,U03/U07/U19/U20 implementation verifier; U20 closure reviewer,T31,"For Required Repository Outputs / The completed implementation must contain:, independently check this leaf: │   ├── 06-actions-and-approvals.json. Apply T31 expected records and artifact observations; failure or unsupported evidence cannot count as demonstrated.",S;I;R;M,docs/acceptance-cases.md#t31,not-demonstrated,not-yet-produced,
R0-036,REQUIREMENTS.md:L58,│   └── 07-publication-validation.json,Required Repository Outputs / The completed implementation must contain:,normative,U03/U07/U19/U20,required repository / deliverables tree,U03/U07/U19/U20 implementation verifier; U20 closure reviewer,T31,"For Required Repository Outputs / The completed implementation must contain:, independently check this leaf: │   └── 07-publication-validation.json. Apply T31 expected records and artifact observations; failure or unsupported evidence cannot count as demonstrated.",S;I;R;M,docs/acceptance-cases.md#t31,not-demonstrated,not-yet-produced,
R0-037,REQUIREMENTS.md:L59,├── impact-register.csv,Required Repository Outputs / The completed implementation must contain:,normative,U03/U07/U19/U20,required repository / deliverables tree,U03/U07/U19/U20 implementation verifier; U20 closure reviewer,T31,"For Required Repository Outputs / The completed implementation must contain:, independently check this leaf: ├── impact-register.csv. Apply T31 expected records and artifact observations; failure or unsupported evidence cannot count as demonstrated.",S;I;R;M,docs/acceptance-cases.md#t31,not-demonstrated,not-yet-produced,
R0-038,REQUIREMENTS.md:L60,├── compliance-brief.md,Required Repository Outputs / The completed implementation must contain:,normative,U03/U07/U19/U20,required repository / deliverables tree,U03/U07/U19/U20 implementation verifier; U20 closure reviewer,T31,"For Required Repository Outputs / The completed implementation must contain:, independently check this leaf: ├── compliance-brief.md. Apply T31 expected records and artifact observations; failure or unsupported evidence cannot count as demonstrated.",S;I;R;M,docs/acceptance-cases.md#t31,not-demonstrated,not-yet-produced,
R0-039,REQUIREMENTS.md:L61,└── action-calendar.ics,Required Repository Outputs / The completed implementation must contain:,normative,U03/U07/U19/U20,required repository / deliverables tree,U03/U07/U19/U20 implementation verifier; U20 closure reviewer,T31,"For Required Repository Outputs / The completed implementation must contain:, independently check this leaf: └── action-calendar.ics. Apply T31 expected records and artifact observations; failure or unsupported evidence cannot count as demonstrated.",S;I;R;M,docs/acceptance-cases.md#t31,not-demonstrated,not-yet-produced,
R0-040,REQUIREMENTS.md:L64,The supplied `snapshot.schema.json` must remain unchanged.,Required Repository Outputs,normative,U03/U07/U19/U20,runner.py / skill package / operating guide,U03/U07/U19/U20 implementation verifier; U20 closure reviewer,T31;T01;T18;T23,"For Required Repository Outputs, independently check this leaf: The supplied `snapshot.schema.json` must remain unchanged. Apply T31 expected records and artifact observations; failure or unsupported evidence cannot count as demonstrated.",S;I;R;M,docs/acceptance-cases.md#t31,not-demonstrated,not-yet-produced,
R1-001,REQUIREMENTS.md:L70,Seven snapshots must be written at the corresponding workflow boundaries.,1. Snapshot Requirements,normative,U02/U07/U17,contracts.py / snapshots.py / validate.py,U02/U07/U17 implementation verifier; U20 closure reviewer,T24;T14,"For 1. Snapshot Requirements, independently check this leaf: Seven snapshots must be written at the corresponding workflow boundaries. Apply T24 expected records and artifact observations; failure or unsupported evidence cannot count as demonstrated.",A;S;R;M,docs/acceptance-cases.md#t24,not-demonstrated,not-yet-produced,
R1-002,REQUIREMENTS.md:L72,All snapshots in one run must:,1. Snapshot Requirements,normative,U02/U07/U17,contracts.py / snapshots.py / validate.py,U02/U07/U17 implementation verifier; U20 closure reviewer,T24;T14,"For 1. Snapshot Requirements, independently check this leaf: All snapshots in one run must:. Apply T24 expected records and artifact observations; failure or unsupported evidence cannot count as demonstrated.",A;S;R;M,docs/acceptance-cases.md#t24,not-demonstrated,not-yet-produced,
R1-003,REQUIREMENTS.md:L74,share the same `run_id`;,1. Snapshot Requirements / All snapshots in one run must:,normative,U02/U07/U17,contracts.py / snapshots.py / validate.py,U02/U07/U17 implementation verifier; U20 closure reviewer,T24;T14,"For 1. Snapshot Requirements / All snapshots in one run must:, independently check this leaf: share the same `run_id`. Apply T24 expected records and artifact observations; failure or unsupported evidence cannot count as demonstrated.",A;S;R;M,docs/acceptance-cases.md#t24,not-demonstrated,not-yet-produced,
R1-004,REQUIREMENTS.md:L75,conform to the supplied schema;,1. Snapshot Requirements / All snapshots in one run must:,normative,U02/U07/U17,contracts.py / snapshots.py / validate.py,U02/U07/U17 implementation verifier; U20 closure reviewer,T24;T14,"For 1. Snapshot Requirements / All snapshots in one run must:, independently check this leaf: conform to the supplied schema. Apply T24 expected records and artifact observations; failure or unsupported evidence cannot count as demonstrated.",A;S;R;M,docs/acceptance-cases.md#t24,not-demonstrated,not-yet-produced,
R1-005,REQUIREMENTS.md:L76,contain meaningful summaries;,1. Snapshot Requirements / All snapshots in one run must:,normative,U02/U07/U17,contracts.py / snapshots.py / validate.py,U02/U07/U17 implementation verifier; U20 closure reviewer,T24;T14,"For 1. Snapshot Requirements / All snapshots in one run must:, independently check this leaf: contain meaningful summaries. Apply T24 expected records and artifact observations; failure or unsupported evidence cannot count as demonstrated.",A;S;R;M,docs/acceptance-cases.md#t24,not-demonstrated,not-yet-produced,
R1-006,REQUIREMENTS.md:L77,contain the actual values required by downstream stages;,1. Snapshot Requirements / All snapshots in one run must:,normative,U02/U07/U17,contracts.py / snapshots.py / validate.py,U02/U07/U17 implementation verifier; U20 closure reviewer,T24;T14,"For 1. Snapshot Requirements / All snapshots in one run must:, independently check this leaf: contain the actual values required by downstream stages. Apply T24 expected records and artifact observations; failure or unsupported evidence cannot count as demonstrated.",A;S;R;M,docs/acceptance-cases.md#t24,not-demonstrated,not-yet-produced,
R1-007,REQUIREMENTS.md:L78,"maintain traceability between sources, rules, decisions, and artifacts.",1. Snapshot Requirements / All snapshots in one run must:,normative,U02/U07/U17,contracts.py / snapshots.py / validate.py,U02/U07/U17 implementation verifier; U20 closure reviewer,T24;T14,"For 1. Snapshot Requirements / All snapshots in one run must:, independently check this leaf: maintain traceability between sources, rules, decisions, and artifacts. Apply T24 expected records and artifact observations; failure or unsupported evidence cannot count as demonstrated.",A;S;R;M,docs/acceptance-cases.md#t24,not-demonstrated,not-yet-produced,
R1-008,REQUIREMENTS.md:L80,From Stage 02 onward:,1. Snapshot Requirements,normative,U02/U07/U17,contracts.py / snapshots.py / validate.py,U02/U07/U17 implementation verifier; U20 closure reviewer,T24;T14,"For 1. Snapshot Requirements, independently check this leaf: From Stage 02 onward:. Apply T24 expected records and artifact observations; failure or unsupported evidence cannot count as demonstrated.",A;S;R;M,docs/acceptance-cases.md#t24,not-demonstrated,not-yet-produced,
R1-009,REQUIREMENTS.md:L82,`predecessor` must identify the immediately preceding snapshot;,1. Snapshot Requirements / From Stage 02 onward:,normative,U02/U07/U17,contracts.py / snapshots.py / validate.py,U02/U07/U17 implementation verifier; U20 closure reviewer,T24;T14,"For 1. Snapshot Requirements / From Stage 02 onward:, independently check this leaf: `predecessor` must identify the immediately preceding snapshot. Apply T24 expected records and artifact observations; failure or unsupported evidence cannot count as demonstrated.",A;S;R;M,docs/acceptance-cases.md#t24,not-demonstrated,not-yet-produced,
R1-010,REQUIREMENTS.md:L83,`predecessor` must include the hash of the immediately preceding snapshot.,1. Snapshot Requirements / From Stage 02 onward:,normative,U02/U07/U17,contracts.py / snapshots.py / validate.py,U02/U07/U17 implementation verifier; U20 closure reviewer,T24;T14,"For 1. Snapshot Requirements / From Stage 02 onward:, independently check this leaf: `predecessor` must include the hash of the immediately preceding snapshot. Apply T24 expected records and artifact observations; failure or unsupported evidence cannot count as demonstrated.",A;S;R;M,docs/acceptance-cases.md#t24,not-demonstrated,not-yet-produced,
R1-011,REQUIREMENTS.md:L85,Each record must contain:,1. Snapshot Requirements,normative,U02/U07/U17,contracts.py / snapshots.py / validate.py,U02/U07/U17 implementation verifier; U20 closure reviewer,T24;T14,"For 1. Snapshot Requirements, independently check this leaf: Each record must contain:. Apply T24 expected records and artifact observations; failure or unsupported evidence cannot count as demonstrated.",A;S;R;M,docs/acceptance-cases.md#t24,not-demonstrated,not-yet-produced,
R1-012,REQUIREMENTS.md:L87,`id`;,1. Snapshot Requirements / Each record must contain:,normative,U02/U07/U17,contracts.py / snapshots.py / validate.py,U02/U07/U17 implementation verifier; U20 closure reviewer,T24;T14,"For 1. Snapshot Requirements / Each record must contain:, independently check this leaf: `id`. Apply T24 expected records and artifact observations; failure or unsupported evidence cannot count as demonstrated.",A;S;R;M,docs/acceptance-cases.md#t24,not-demonstrated,not-yet-produced,
R1-013,REQUIREMENTS.md:L88,meaningful `summary`;,1. Snapshot Requirements / Each record must contain:,normative,U02/U07/U17,contracts.py / snapshots.py / validate.py,U02/U07/U17 implementation verifier; U20 closure reviewer,T24;T14,"For 1. Snapshot Requirements / Each record must contain:, independently check this leaf: meaningful `summary`. Apply T24 expected records and artifact observations; failure or unsupported evidence cannot count as demonstrated.",A;S;R;M,docs/acceptance-cases.md#t24,not-demonstrated,not-yet-produced,
R1-014,REQUIREMENTS.md:L89,`evidence_ids`;,1. Snapshot Requirements / Each record must contain:,normative,U02/U07/U17,contracts.py / snapshots.py / validate.py,U02/U07/U17 implementation verifier; U20 closure reviewer,T24;T14,"For 1. Snapshot Requirements / Each record must contain:, independently check this leaf: `evidence_ids`. Apply T24 expected records and artifact observations; failure or unsupported evidence cannot count as demonstrated.",A;S;R;M,docs/acceptance-cases.md#t24,not-demonstrated,not-yet-produced,
R1-015,REQUIREMENTS.md:L90,actual downstream-relevant field values.,1. Snapshot Requirements / Each record must contain:,normative,U02/U07/U17,contracts.py / snapshots.py / validate.py,U02/U07/U17 implementation verifier; U20 closure reviewer,T24;T14,"For 1. Snapshot Requirements / Each record must contain:, independently check this leaf: actual downstream-relevant field values. Apply T24 expected records and artifact observations; failure or unsupported evidence cannot count as demonstrated.",A;S;R;M,docs/acceptance-cases.md#t24,not-demonstrated,not-yet-produced,
R1-016,REQUIREMENTS.md:L92,`consumed_record_ids` must resolve to records available upstream.,1. Snapshot Requirements,normative,U02/U07/U17,contracts.py / snapshots.py / validate.py,U02/U07/U17 implementation verifier; U20 closure reviewer,T24;T14,"For 1. Snapshot Requirements, independently check this leaf: `consumed_record_ids` must resolve to records available upstream. Apply T24 expected records and artifact observations; failure or unsupported evidence cannot count as demonstrated.",A;S;R;M,docs/acceptance-cases.md#t24,not-demonstrated,not-yet-produced,
R1-017,REQUIREMENTS.md:L94,`produced_record_ids` must identify records present in the current stage.,1. Snapshot Requirements,normative,U02/U07/U17,contracts.py / snapshots.py / validate.py,U02/U07/U17 implementation verifier; U20 closure reviewer,T24;T14,"For 1. Snapshot Requirements, independently check this leaf: `produced_record_ids` must identify records present in the current stage. Apply T24 expected records and artifact observations; failure or unsupported evidence cannot count as demonstrated.",A;S;R;M,docs/acceptance-cases.md#t24,not-demonstrated,not-yet-produced,
R2-001,REQUIREMENTS.md:L100,"Stage 02 must record **every source attempt**, including:",2. Stage 02 — Source Capture,normative,U04/U05/U08/U20,evidence.py / adapters / source manifest,U04/U05/U08/U20 implementation verifier; U20 closure reviewer,T25;T02,"For 2. Stage 02 — Source Capture, independently check this leaf: Stage 02 must record **every source attempt**, including:. Apply T25 expected records and artifact observations; failure or unsupported evidence cannot count as demonstrated.",A;S;I;R;M,docs/acceptance-cases.md#t25,not-demonstrated,not-yet-produced,
R2-002,REQUIREMENTS.md:L102,successful attempts;,"2. Stage 02 — Source Capture / Stage 02 must record **every source attempt**, including:",normative,U04/U05/U08/U20,evidence.py / adapters / source manifest,U04/U05/U08/U20 implementation verifier; U20 closure reviewer,T25;T02,"For 2. Stage 02 — Source Capture / Stage 02 must record **every source attempt**, including:, independently check this leaf: successful attempts. Apply T25 expected records and artifact observations; failure or unsupported evidence cannot count as demonstrated.",A;S;I;R;M,docs/acceptance-cases.md#t25,not-demonstrated,not-yet-produced,
R2-003,REQUIREMENTS.md:L103,failed attempts;,"2. Stage 02 — Source Capture / Stage 02 must record **every source attempt**, including:",normative,U04/U05/U08/U20,evidence.py / adapters / source manifest,U04/U05/U08/U20 implementation verifier; U20 closure reviewer,T25;T02,"For 2. Stage 02 — Source Capture / Stage 02 must record **every source attempt**, including:, independently check this leaf: failed attempts. Apply T25 expected records and artifact observations; failure or unsupported evidence cannot count as demonstrated.",A;S;I;R;M,docs/acceptance-cases.md#t25,not-demonstrated,not-yet-produced,
R2-004,REQUIREMENTS.md:L104,unused attempts;,"2. Stage 02 — Source Capture / Stage 02 must record **every source attempt**, including:",normative,U04/U05/U08/U20,evidence.py / adapters / source manifest,U04/U05/U08/U20 implementation verifier; U20 closure reviewer,T25;T02,"For 2. Stage 02 — Source Capture / Stage 02 must record **every source attempt**, including:, independently check this leaf: unused attempts. Apply T25 expected records and artifact observations; failure or unsupported evidence cannot count as demonstrated.",A;S;I;R;M,docs/acceptance-cases.md#t25,not-demonstrated,not-yet-produced,
R2-005,REQUIREMENTS.md:L105,unavailable sources;,"2. Stage 02 — Source Capture / Stage 02 must record **every source attempt**, including:",normative,U04/U05/U08/U20,evidence.py / adapters / source manifest,U04/U05/U08/U20 implementation verifier; U20 closure reviewer,T25;T02,"For 2. Stage 02 — Source Capture / Stage 02 must record **every source attempt**, including:, independently check this leaf: unavailable sources. Apply T25 expected records and artifact observations; failure or unsupported evidence cannot count as demonstrated.",A;S;I;R;M,docs/acceptance-cases.md#t25,not-demonstrated,not-yet-produced,
R2-006,REQUIREMENTS.md:L106,invalid sources;,"2. Stage 02 — Source Capture / Stage 02 must record **every source attempt**, including:",normative,U04/U05/U08/U20,evidence.py / adapters / source manifest,U04/U05/U08/U20 implementation verifier; U20 closure reviewer,T25;T02,"For 2. Stage 02 — Source Capture / Stage 02 must record **every source attempt**, including:, independently check this leaf: invalid sources. Apply T25 expected records and artifact observations; failure or unsupported evidence cannot count as demonstrated.",A;S;I;R;M,docs/acceptance-cases.md#t25,not-demonstrated,not-yet-produced,
R2-007,REQUIREMENTS.md:L107,unverified sources;,"2. Stage 02 — Source Capture / Stage 02 must record **every source attempt**, including:",normative,U04/U05/U08/U20,evidence.py / adapters / source manifest,U04/U05/U08/U20 implementation verifier; U20 closure reviewer,T25;T02,"For 2. Stage 02 — Source Capture / Stage 02 must record **every source attempt**, including:, independently check this leaf: unverified sources. Apply T25 expected records and artifact observations; failure or unsupported evidence cannot count as demonstrated.",A;S;I;R;M,docs/acceptance-cases.md#t25,not-demonstrated,not-yet-produced,
R2-008,REQUIREMENTS.md:L108,stale sources;,"2. Stage 02 — Source Capture / Stage 02 must record **every source attempt**, including:",normative,U04/U05/U08/U20,evidence.py / adapters / source manifest,U04/U05/U08/U20 implementation verifier; U20 closure reviewer,T25;T02,"For 2. Stage 02 — Source Capture / Stage 02 must record **every source attempt**, including:, independently check this leaf: stale sources. Apply T25 expected records and artifact observations; failure or unsupported evidence cannot count as demonstrated.",A;S;I;R;M,docs/acceptance-cases.md#t25,not-demonstrated,not-yet-produced,
R2-009,REQUIREMENTS.md:L109,unsuitable responses.,"2. Stage 02 — Source Capture / Stage 02 must record **every source attempt**, including:",normative,U04/U05/U08/U20,evidence.py / adapters / source manifest,U04/U05/U08/U20 implementation verifier; U20 closure reviewer,T25;T02,"For 2. Stage 02 — Source Capture / Stage 02 must record **every source attempt**, including:, independently check this leaf: unsuitable responses. Apply T25 expected records and artifact observations; failure or unsupported evidence cannot count as demonstrated.",A;S;I;R;M,docs/acceptance-cases.md#t25,not-demonstrated,not-yet-produced,
R2-010,REQUIREMENTS.md:L111,Each attempt must record:,2. Stage 02 — Source Capture,normative,U04/U05/U08/U20,evidence.py / adapters / source manifest,U04/U05/U08/U20 implementation verifier; U20 closure reviewer,T25;T02,"For 2. Stage 02 — Source Capture, independently check this leaf: Each attempt must record:. Apply T25 expected records and artifact observations; failure or unsupported evidence cannot count as demonstrated.",A;S;I;R;M,docs/acceptance-cases.md#t25,not-demonstrated,not-yet-produced,
R2-011,REQUIREMENTS.md:L113,original URL or locator;,2. Stage 02 — Source Capture / Each attempt must record:,normative,U04/U05/U08/U20,evidence.py / adapters / source manifest,U04/U05/U08/U20 implementation verifier; U20 closure reviewer,T25;T02,"For 2. Stage 02 — Source Capture / Each attempt must record:, independently check this leaf: original URL or locator. Apply T25 expected records and artifact observations; failure or unsupported evidence cannot count as demonstrated.",A;S;I;R;M,docs/acceptance-cases.md#t25,not-demonstrated,not-yet-produced,
R2-012,REQUIREMENTS.md:L114,content type;,2. Stage 02 — Source Capture / Each attempt must record:,normative,U04/U05/U08/U20,evidence.py / adapters / source manifest,U04/U05/U08/U20 implementation verifier; U20 closure reviewer,T25;T02,"For 2. Stage 02 — Source Capture / Each attempt must record:, independently check this leaf: content type. Apply T25 expected records and artifact observations; failure or unsupported evidence cannot count as demonstrated.",A;S;I;R;M,docs/acceptance-cases.md#t25,not-demonstrated,not-yet-produced,
R2-013,REQUIREMENTS.md:L115,actual retrieval time;,2. Stage 02 — Source Capture / Each attempt must record:,normative,U04/U05/U08/U20,evidence.py / adapters / source manifest,U04/U05/U08/U20 implementation verifier; U20 closure reviewer,T25;T02,"For 2. Stage 02 — Source Capture / Each attempt must record:, independently check this leaf: actual retrieval time. Apply T25 expected records and artifact observations; failure or unsupported evidence cannot count as demonstrated.",A;S;I;R;M,docs/acceptance-cases.md#t25,not-demonstrated,not-yet-produced,
R2-014,REQUIREMENTS.md:L116,version;,2. Stage 02 — Source Capture / Each attempt must record:,normative,U04/U05/U08/U20,evidence.py / adapters / source manifest,U04/U05/U08/U20 implementation verifier; U20 closure reviewer,T25;T02,"For 2. Stage 02 — Source Capture / Each attempt must record:, independently check this leaf: version. Apply T25 expected records and artifact observations; failure or unsupported evidence cannot count as demonstrated.",A;S;I;R;M,docs/acceptance-cases.md#t25,not-demonstrated,not-yet-produced,
R2-015,REQUIREMENTS.md:L117,retrieval status;,2. Stage 02 — Source Capture / Each attempt must record:,normative,U04/U05/U08/U20,evidence.py / adapters / source manifest,U04/U05/U08/U20 implementation verifier; U20 closure reviewer,T25;T02,"For 2. Stage 02 — Source Capture / Each attempt must record:, independently check this leaf: retrieval status. Apply T25 expected records and artifact observations; failure or unsupported evidence cannot count as demonstrated.",A;S;I;R;M,docs/acceptance-cases.md#t25,not-demonstrated,not-yet-produced,
R2-016,REQUIREMENTS.md:L118,local evidence path;,2. Stage 02 — Source Capture / Each attempt must record:,normative,U04/U05/U08/U20,evidence.py / adapters / source manifest,U04/U05/U08/U20 implementation verifier; U20 closure reviewer,T25;T02,"For 2. Stage 02 — Source Capture / Each attempt must record:, independently check this leaf: local evidence path. Apply T25 expected records and artifact observations; failure or unsupported evidence cannot count as demonstrated.",A;S;I;R;M,docs/acceptance-cases.md#t25,not-demonstrated,not-yet-produced,
R2-017,REQUIREMENTS.md:L119,content hash.,2. Stage 02 — Source Capture / Each attempt must record:,normative,U04/U05/U08/U20,evidence.py / adapters / source manifest,U04/U05/U08/U20 implementation verifier; U20 closure reviewer,T25;T02,"For 2. Stage 02 — Source Capture / Each attempt must record:, independently check this leaf: content hash. Apply T25 expected records and artifact observations; failure or unsupported evidence cannot count as demonstrated.",A;S;I;R;M,docs/acceptance-cases.md#t25,not-demonstrated,not-yet-produced,
R2-018,REQUIREMENTS.md:L121,When no content was obtained:,2. Stage 02 — Source Capture,normative,U04/U05/U08/U20,evidence.py / adapters / source manifest,U04/U05/U08/U20 implementation verifier; U20 closure reviewer,T25;T02,"For 2. Stage 02 — Source Capture, independently check this leaf: When no content was obtained:. Apply T25 expected records and artifact observations; failure or unsupported evidence cannot count as demonstrated.",A;S;I;R;M,docs/acceptance-cases.md#t25,not-demonstrated,not-yet-produced,
R2-019,REQUIREMENTS.md:L123,content must be null;,2. Stage 02 — Source Capture / When no content was obtained:,normative,U04/U05/U08/U20,evidence.py / adapters / source manifest,U04/U05/U08/U20 implementation verifier; U20 closure reviewer,T25;T02,"For 2. Stage 02 — Source Capture / When no content was obtained:, independently check this leaf: content must be null. Apply T25 expected records and artifact observations; failure or unsupported evidence cannot count as demonstrated.",A;S;I;R;M,docs/acceptance-cases.md#t25,not-demonstrated,not-yet-produced,
R2-020,REQUIREMENTS.md:L124,hash must be null.,2. Stage 02 — Source Capture / When no content was obtained:,normative,U04/U05/U08/U20,evidence.py / adapters / source manifest,U04/U05/U08/U20 implementation verifier; U20 closure reviewer,T25;T02,"For 2. Stage 02 — Source Capture / When no content was obtained:, independently check this leaf: hash must be null. Apply T25 expected records and artifact observations; failure or unsupported evidence cannot count as demonstrated.",A;S;I;R;M,docs/acceptance-cases.md#t25,not-demonstrated,not-yet-produced,
R2-021,REQUIREMENTS.md:L126,A link or hash alone is insufficient evidence.,2. Stage 02 — Source Capture,normative,U04/U05/U08/U20,evidence.py / adapters / source manifest,U04/U05/U08/U20 implementation verifier; U20 closure reviewer,T25;T02,"For 2. Stage 02 — Source Capture, independently check this leaf: A link or hash alone is insufficient evidence. Apply T25 expected records and artifact observations; failure or unsupported evidence cannot count as demonstrated.",A;S;I;R;M,docs/acceptance-cases.md#t25,not-demonstrated,not-yet-produced,
R2-022,REQUIREMENTS.md:L128,The system must preserve the actual bytes or permitted claim-bearing extracts used in:,2. Stage 02 — Source Capture,normative,U04/U05/U08/U20,evidence.py / adapters / source manifest,U04/U05/U08/U20 implementation verifier; U20 closure reviewer,T25;T02,"For 2. Stage 02 — Source Capture, independently check this leaf: The system must preserve the actual bytes or permitted claim-bearing extracts used in:. Apply T25 expected records and artifact observations; failure or unsupported evidence cannot count as demonstrated.",A;S;I;R;M,docs/acceptance-cases.md#t25,not-demonstrated,not-yet-produced,
R2-023,REQUIREMENTS.md:L130,`deliverables/sources/`,2. Stage 02 — Source Capture / The system must preserve the actual bytes or permitted claim-bearing extracts used in:,normative,U04/U05/U08/U20,evidence.py / adapters / source manifest,U04/U05/U08/U20 implementation verifier; U20 closure reviewer,T25;T02,"For 2. Stage 02 — Source Capture / The system must preserve the actual bytes or permitted claim-bearing extracts used in:, independently check this leaf: `deliverables/sources/`. Apply T25 expected records and artifact observations; failure or unsupported evidence cannot count as demonstrated.",A;S;I;R;M,docs/acceptance-cases.md#t25,not-demonstrated,not-yet-produced,
R2-024,REQUIREMENTS.md:L132,Captured evidence must include suitable locators such as:,2. Stage 02 — Source Capture,normative,U04/U05/U08/U20,evidence.py / adapters / source manifest,U04/U05/U08/U20 implementation verifier; U20 closure reviewer,T25;T02,"For 2. Stage 02 — Source Capture, independently check this leaf: Captured evidence must include suitable locators such as:. Apply T25 expected records and artifact observations; failure or unsupported evidence cannot count as demonstrated.",A;S;I;R;M,docs/acceptance-cases.md#t25,not-demonstrated,not-yet-produced,
R2-025,REQUIREMENTS.md:L134,section;,2. Stage 02 — Source Capture / Captured evidence must include suitable locators such as:,normative,U04/U05/U08/U20,evidence.py / adapters / source manifest,U04/U05/U08/U20 implementation verifier; U20 closure reviewer,T25;T02,"For 2. Stage 02 — Source Capture / Captured evidence must include suitable locators such as:, independently check this leaf: section. Apply T25 expected records and artifact observations; failure or unsupported evidence cannot count as demonstrated.",A;S;I;R;M,docs/acceptance-cases.md#t25,not-demonstrated,not-yet-produced,
R2-026,REQUIREMENTS.md:L135,paragraph;,2. Stage 02 — Source Capture / Captured evidence must include suitable locators such as:,normative,U04/U05/U08/U20,evidence.py / adapters / source manifest,U04/U05/U08/U20 implementation verifier; U20 closure reviewer,T25;T02,"For 2. Stage 02 — Source Capture / Captured evidence must include suitable locators such as:, independently check this leaf: paragraph. Apply T25 expected records and artifact observations; failure or unsupported evidence cannot count as demonstrated.",A;S;I;R;M,docs/acceptance-cases.md#t25,not-demonstrated,not-yet-produced,
R2-027,REQUIREMENTS.md:L136,tab;,2. Stage 02 — Source Capture / Captured evidence must include suitable locators such as:,normative,U04/U05/U08/U20,evidence.py / adapters / source manifest,U04/U05/U08/U20 implementation verifier; U20 closure reviewer,T25;T02,"For 2. Stage 02 — Source Capture / Captured evidence must include suitable locators such as:, independently check this leaf: tab. Apply T25 expected records and artifact observations; failure or unsupported evidence cannot count as demonstrated.",A;S;I;R;M,docs/acceptance-cases.md#t25,not-demonstrated,not-yet-produced,
R2-028,REQUIREMENTS.md:L137,row.,2. Stage 02 — Source Capture / Captured evidence must include suitable locators such as:,normative,U04/U05/U08/U20,evidence.py / adapters / source manifest,U04/U05/U08/U20 implementation verifier; U20 closure reviewer,T25;T02,"For 2. Stage 02 — Source Capture / Captured evidence must include suitable locators such as:, independently check this leaf: row. Apply T25 expected records and artifact observations; failure or unsupported evidence cannot count as demonstrated.",A;S;I;R;M,docs/acceptance-cases.md#t25,not-demonstrated,not-yet-produced,
R2-029,REQUIREMENTS.md:L139,The system must verify:,2. Stage 02 — Source Capture,normative,U04/U05/U08/U20,evidence.py / adapters / source manifest,U04/U05/U08/U20 implementation verifier; U20 closure reviewer,T25;T02,"For 2. Stage 02 — Source Capture, independently check this leaf: The system must verify:. Apply T25 expected records and artifact observations; failure or unsupported evidence cannot count as demonstrated.",A;S;I;R;M,docs/acceptance-cases.md#t25,not-demonstrated,not-yet-produced,
R2-030,REQUIREMENTS.md:L141,returned document identity;,2. Stage 02 — Source Capture / The system must verify:,normative,U04/U05/U08/U20,evidence.py / adapters / source manifest,U04/U05/U08/U20 implementation verifier; U20 closure reviewer,T25;T02,"For 2. Stage 02 — Source Capture / The system must verify:, independently check this leaf: returned document identity. Apply T25 expected records and artifact observations; failure or unsupported evidence cannot count as demonstrated.",A;S;I;R;M,docs/acceptance-cases.md#t25,not-demonstrated,not-yet-produced,
R2-031,REQUIREMENTS.md:L142,version;,2. Stage 02 — Source Capture / The system must verify:,normative,U04/U05/U08/U20,evidence.py / adapters / source manifest,U04/U05/U08/U20 implementation verifier; U20 closure reviewer,T25;T02,"For 2. Stage 02 — Source Capture / The system must verify:, independently check this leaf: version. Apply T25 expected records and artifact observations; failure or unsupported evidence cannot count as demonstrated.",A;S;I;R;M,docs/acceptance-cases.md#t25,not-demonstrated,not-yet-produced,
R2-032,REQUIREMENTS.md:L143,suitability for the assigned review date.,2. Stage 02 — Source Capture / The system must verify:,normative,U04/U05/U08/U20,evidence.py / adapters / source manifest,U04/U05/U08/U20 implementation verifier; U20 closure reviewer,T25;T02,"For 2. Stage 02 — Source Capture / The system must verify:, independently check this leaf: suitability for the assigned review date. Apply T25 expected records and artifact observations; failure or unsupported evidence cannot count as demonstrated.",A;S;I;R;M,docs/acceptance-cases.md#t25,not-demonstrated,not-yet-produced,
R2-033,REQUIREMENTS.md:L145,"A login page, landing page, or unrelated response is not equivalent to the requested document.",2. Stage 02 — Source Capture,normative,U04/U05/U08/U20,evidence.py / adapters / source manifest,U04/U05/U08/U20 implementation verifier; U20 closure reviewer,T25;T02,"For 2. Stage 02 — Source Capture, independently check this leaf: A login page, landing page, or unrelated response is not equivalent to the requested document. Apply T25 expected records and artifact observations; failure or unsupported evidence cannot count as demonstrated.",A;S;I;R;M,docs/acceptance-cases.md#t25,not-demonstrated,not-yet-produced,
R2-034,REQUIREMENTS.md:L147,Interview-disclosed or otherwise authorized source routes may be accepted as runtime inputs.,2. Stage 02 — Source Capture,normative,U04/U05/U08/U20,evidence.py / adapters / source manifest,U04/U05/U08/U20 implementation verifier; U20 closure reviewer,T25;T02,"For 2. Stage 02 — Source Capture, independently check this leaf: Interview-disclosed or otherwise authorized source routes may be accepted as runtime inputs. Apply T25 expected records and artifact observations; failure or unsupported evidence cannot count as demonstrated.",A;S;I;R;M,docs/acceptance-cases.md#t25,not-demonstrated,not-yet-produced,
R2-035,REQUIREMENTS.md:L149,Current company sources and required official legal sources must be retrieved on **every run**.,2. Stage 02 — Source Capture,normative,U04/U05/U08/U20,evidence.py / adapters / source manifest,U04/U05/U08/U20 implementation verifier; U20 closure reviewer,T25;T02,"For 2. Stage 02 — Source Capture, independently check this leaf: Current company sources and required official legal sources must be retrieved on **every run**. Apply T25 expected records and artifact observations; failure or unsupported evidence cannot count as demonstrated.",A;S;I;R;M,docs/acceptance-cases.md#t25,not-demonstrated,not-yet-produced,
R2-036,REQUIREMENTS.md:L151,Unsuccessful or unsuitable reads must still be retained as evidence of the attempt.,2. Stage 02 — Source Capture,normative,U04/U05/U08/U20,evidence.py / adapters / source manifest,U04/U05/U08/U20 implementation verifier; U20 closure reviewer,T25;T02,"For 2. Stage 02 — Source Capture, independently check this leaf: Unsuccessful or unsuitable reads must still be retained as evidence of the attempt. Apply T25 expected records and artifact observations; failure or unsupported evidence cannot count as demonstrated.",A;S;I;R;M,docs/acceptance-cases.md#t25,not-demonstrated,not-yet-produced,
R2-037,REQUIREMENTS.md:L153,A failed live read must not be silently replaced by an undisclosed local copy.,2. Stage 02 — Source Capture,normative,U04/U05/U08/U20,evidence.py / adapters / source manifest,U04/U05/U08/U20 implementation verifier; U20 closure reviewer,T25;T02,"For 2. Stage 02 — Source Capture, independently check this leaf: A failed live read must not be silently replaced by an undisclosed local copy. Apply T25 expected records and artifact observations; failure or unsupported evidence cannot count as demonstrated.",A;S;I;R;M,docs/acceptance-cases.md#t25,not-demonstrated,not-yet-produced,
R3-001,REQUIREMENTS.md:L161,Allowed values:,Run State,normative,U02/U06/U09/U10/U11/U13/U17,contracts.py / authority.py / reconcile.py / impacts.py / reviews.py,U02/U06/U09/U10/U11/U13/U17 implementation verifier; U20 closure reviewer,T24;T03;T05;T09,"For Run State, independently check this leaf: Allowed values:. Apply T24 expected records and artifact observations; failure or unsupported evidence cannot count as demonstrated.",A;S;R;M,docs/acceptance-cases.md#t24,not-demonstrated,not-yet-produced,
R3-002,REQUIREMENTS.md:L163,`complete`,Run State / Allowed values:,normative,U02/U06/U09/U10/U11/U13/U17,contracts.py / authority.py / reconcile.py / impacts.py / reviews.py,U02/U06/U09/U10/U11/U13/U17 implementation verifier; U20 closure reviewer,T24;T03;T05;T09,"For Run State / Allowed values:, independently check this leaf: `complete`. Apply T24 expected records and artifact observations; failure or unsupported evidence cannot count as demonstrated.",A;S;R;M,docs/acceptance-cases.md#t24,not-demonstrated,not-yet-produced,
R3-003,REQUIREMENTS.md:L164,`partial`,Run State / Allowed values:,normative,U02/U06/U09/U10/U11/U13/U17,contracts.py / authority.py / reconcile.py / impacts.py / reviews.py,U02/U06/U09/U10/U11/U13/U17 implementation verifier; U20 closure reviewer,T24;T03;T05;T09,"For Run State / Allowed values:, independently check this leaf: `partial`. Apply T24 expected records and artifact observations; failure or unsupported evidence cannot count as demonstrated.",A;S;R;M,docs/acceptance-cases.md#t24,not-demonstrated,not-yet-produced,
R3-004,REQUIREMENTS.md:L165,`blocked`,Run State / Allowed values:,normative,U02/U06/U09/U10/U11/U13/U17,contracts.py / authority.py / reconcile.py / impacts.py / reviews.py,U02/U06/U09/U10/U11/U13/U17 implementation verifier; U20 closure reviewer,T24;T03;T05;T09,"For Run State / Allowed values:, independently check this leaf: `blocked`. Apply T24 expected records and artifact observations; failure or unsupported evidence cannot count as demonstrated.",A;S;R;M,docs/acceptance-cases.md#t24,not-demonstrated,not-yet-produced,
R3-005,REQUIREMENTS.md:L166,`failed`,Run State / Allowed values:,normative,U02/U06/U09/U10/U11/U13/U17,contracts.py / authority.py / reconcile.py / impacts.py / reviews.py,U02/U06/U09/U10/U11/U13/U17 implementation verifier; U20 closure reviewer,T24;T03;T05;T09,"For Run State / Allowed values:, independently check this leaf: `failed`. Apply T24 expected records and artifact observations; failure or unsupported evidence cannot count as demonstrated.",A;S;R;M,docs/acceptance-cases.md#t24,not-demonstrated,not-yet-produced,
R3-006,REQUIREMENTS.md:L170,Allowed values:,Retrieval State,normative,U02/U06/U09/U10/U11/U13/U17,contracts.py / authority.py / reconcile.py / impacts.py / reviews.py,U02/U06/U09/U10/U11/U13/U17 implementation verifier; U20 closure reviewer,T24;T03;T05;T09,"For Retrieval State, independently check this leaf: Allowed values:. Apply T24 expected records and artifact observations; failure or unsupported evidence cannot count as demonstrated.",A;S;R;M,docs/acceptance-cases.md#t24,not-demonstrated,not-yet-produced,
R3-007,REQUIREMENTS.md:L172,`retrieved`,Retrieval State / Allowed values:,normative,U02/U06/U09/U10/U11/U13/U17,contracts.py / authority.py / reconcile.py / impacts.py / reviews.py,U02/U06/U09/U10/U11/U13/U17 implementation verifier; U20 closure reviewer,T24;T03;T05;T09,"For Retrieval State / Allowed values:, independently check this leaf: `retrieved`. Apply T24 expected records and artifact observations; failure or unsupported evidence cannot count as demonstrated.",A;S;R;M,docs/acceptance-cases.md#t24,not-demonstrated,not-yet-produced,
R3-008,REQUIREMENTS.md:L173,`unavailable`,Retrieval State / Allowed values:,normative,U02/U06/U09/U10/U11/U13/U17,contracts.py / authority.py / reconcile.py / impacts.py / reviews.py,U02/U06/U09/U10/U11/U13/U17 implementation verifier; U20 closure reviewer,T24;T03;T05;T09,"For Retrieval State / Allowed values:, independently check this leaf: `unavailable`. Apply T24 expected records and artifact observations; failure or unsupported evidence cannot count as demonstrated.",A;S;R;M,docs/acceptance-cases.md#t24,not-demonstrated,not-yet-produced,
R3-009,REQUIREMENTS.md:L174,`invalid`,Retrieval State / Allowed values:,normative,U02/U06/U09/U10/U11/U13/U17,contracts.py / authority.py / reconcile.py / impacts.py / reviews.py,U02/U06/U09/U10/U11/U13/U17 implementation verifier; U20 closure reviewer,T24;T03;T05;T09,"For Retrieval State / Allowed values:, independently check this leaf: `invalid`. Apply T24 expected records and artifact observations; failure or unsupported evidence cannot count as demonstrated.",A;S;R;M,docs/acceptance-cases.md#t24,not-demonstrated,not-yet-produced,
R3-010,REQUIREMENTS.md:L175,`unverified`,Retrieval State / Allowed values:,normative,U02/U06/U09/U10/U11/U13/U17,contracts.py / authority.py / reconcile.py / impacts.py / reviews.py,U02/U06/U09/U10/U11/U13/U17 implementation verifier; U20 closure reviewer,T24;T03;T05;T09,"For Retrieval State / Allowed values:, independently check this leaf: `unverified`. Apply T24 expected records and artifact observations; failure or unsupported evidence cannot count as demonstrated.",A;S;R;M,docs/acceptance-cases.md#t24,not-demonstrated,not-yet-produced,
R3-011,REQUIREMENTS.md:L176,`stale`,Retrieval State / Allowed values:,normative,U02/U06/U09/U10/U11/U13/U17,contracts.py / authority.py / reconcile.py / impacts.py / reviews.py,U02/U06/U09/U10/U11/U13/U17 implementation verifier; U20 closure reviewer,T24;T03;T05;T09,"For Retrieval State / Allowed values:, independently check this leaf: `stale`. Apply T24 expected records and artifact observations; failure or unsupported evidence cannot count as demonstrated.",A;S;R;M,docs/acceptance-cases.md#t24,not-demonstrated,not-yet-produced,
R3-012,REQUIREMENTS.md:L180,Allowed values:,Impact State,normative,U02/U06/U09/U10/U11/U13/U17,contracts.py / authority.py / reconcile.py / impacts.py / reviews.py,U02/U06/U09/U10/U11/U13/U17 implementation verifier; U20 closure reviewer,T24;T03;T05;T09,"For Impact State, independently check this leaf: Allowed values:. Apply T24 expected records and artifact observations; failure or unsupported evidence cannot count as demonstrated.",A;S;R;M,docs/acceptance-cases.md#t24,not-demonstrated,not-yet-produced,
R3-013,REQUIREMENTS.md:L182,`supported-impact`,Impact State / Allowed values:,normative,U02/U06/U09/U10/U11/U13/U17,contracts.py / authority.py / reconcile.py / impacts.py / reviews.py,U02/U06/U09/U10/U11/U13/U17 implementation verifier; U20 closure reviewer,T24;T03;T05;T09,"For Impact State / Allowed values:, independently check this leaf: `supported-impact`. Apply T24 expected records and artifact observations; failure or unsupported evidence cannot count as demonstrated.",A;S;R;M,docs/acceptance-cases.md#t24,not-demonstrated,not-yet-produced,
R3-014,REQUIREMENTS.md:L183,`supported-no-impact`,Impact State / Allowed values:,normative,U02/U06/U09/U10/U11/U13/U17,contracts.py / authority.py / reconcile.py / impacts.py / reviews.py,U02/U06/U09/U10/U11/U13/U17 implementation verifier; U20 closure reviewer,T24;T03;T05;T09,"For Impact State / Allowed values:, independently check this leaf: `supported-no-impact`. Apply T24 expected records and artifact observations; failure or unsupported evidence cannot count as demonstrated.",A;S;R;M,docs/acceptance-cases.md#t24,not-demonstrated,not-yet-produced,
R3-015,REQUIREMENTS.md:L184,`conflicting`,Impact State / Allowed values:,normative,U02/U06/U09/U10/U11/U13/U17,contracts.py / authority.py / reconcile.py / impacts.py / reviews.py,U02/U06/U09/U10/U11/U13/U17 implementation verifier; U20 closure reviewer,T24;T03;T05;T09,"For Impact State / Allowed values:, independently check this leaf: `conflicting`. Apply T24 expected records and artifact observations; failure or unsupported evidence cannot count as demonstrated.",A;S;R;M,docs/acceptance-cases.md#t24,not-demonstrated,not-yet-produced,
R3-016,REQUIREMENTS.md:L185,`unresolved`,Impact State / Allowed values:,normative,U02/U06/U09/U10/U11/U13/U17,contracts.py / authority.py / reconcile.py / impacts.py / reviews.py,U02/U06/U09/U10/U11/U13/U17 implementation verifier; U20 closure reviewer,T24;T03;T05;T09,"For Impact State / Allowed values:, independently check this leaf: `unresolved`. Apply T24 expected records and artifact observations; failure or unsupported evidence cannot count as demonstrated.",A;S;R;M,docs/acceptance-cases.md#t24,not-demonstrated,not-yet-produced,
R3-017,REQUIREMENTS.md:L189,Allowed values:,Approval State,normative,U02/U06/U09/U10/U11/U13/U17,contracts.py / authority.py / reconcile.py / impacts.py / reviews.py,U02/U06/U09/U10/U11/U13/U17 implementation verifier; U20 closure reviewer,T24;T03;T05;T09,"For Approval State, independently check this leaf: Allowed values:. Apply T24 expected records and artifact observations; failure or unsupported evidence cannot count as demonstrated.",A;S;R;M,docs/acceptance-cases.md#t24,not-demonstrated,not-yet-produced,
R3-018,REQUIREMENTS.md:L191,`pending`,Approval State / Allowed values:,normative,U02/U06/U09/U10/U11/U13/U17,contracts.py / authority.py / reconcile.py / impacts.py / reviews.py,U02/U06/U09/U10/U11/U13/U17 implementation verifier; U20 closure reviewer,T24;T03;T05;T09,"For Approval State / Allowed values:, independently check this leaf: `pending`. Apply T24 expected records and artifact observations; failure or unsupported evidence cannot count as demonstrated.",A;S;R;M,docs/acceptance-cases.md#t24,not-demonstrated,not-yet-produced,
R3-019,REQUIREMENTS.md:L192,`approved`,Approval State / Allowed values:,normative,U02/U06/U09/U10/U11/U13/U17,contracts.py / authority.py / reconcile.py / impacts.py / reviews.py,U02/U06/U09/U10/U11/U13/U17 implementation verifier; U20 closure reviewer,T24;T03;T05;T09,"For Approval State / Allowed values:, independently check this leaf: `approved`. Apply T24 expected records and artifact observations; failure or unsupported evidence cannot count as demonstrated.",A;S;R;M,docs/acceptance-cases.md#t24,not-demonstrated,not-yet-produced,
R3-020,REQUIREMENTS.md:L193,`rejected`,Approval State / Allowed values:,normative,U02/U06/U09/U10/U11/U13/U17,contracts.py / authority.py / reconcile.py / impacts.py / reviews.py,U02/U06/U09/U10/U11/U13/U17 implementation verifier; U20 closure reviewer,T24;T03;T05;T09,"For Approval State / Allowed values:, independently check this leaf: `rejected`. Apply T24 expected records and artifact observations; failure or unsupported evidence cannot count as demonstrated.",A;S;R;M,docs/acceptance-cases.md#t24,not-demonstrated,not-yet-produced,
R3-021,REQUIREMENTS.md:L194,`not-required`,Approval State / Allowed values:,normative,U02/U06/U09/U10/U11/U13/U17,contracts.py / authority.py / reconcile.py / impacts.py / reviews.py,U02/U06/U09/U10/U11/U13/U17 implementation verifier; U20 closure reviewer,T24;T03;T05;T09,"For Approval State / Allowed values:, independently check this leaf: `not-required`. Apply T24 expected records and artifact observations; failure or unsupported evidence cannot count as demonstrated.",A;S;R;M,docs/acceptance-cases.md#t24,not-demonstrated,not-yet-produced,
R3-022,REQUIREMENTS.md:L196,Required collections may be empty.,3. Required States,normative,U02/U06/U09/U10/U11/U13/U17,contracts.py / authority.py / reconcile.py / impacts.py / reviews.py,U02/U06/U09/U10/U11/U13/U17 implementation verifier; U20 closure reviewer,T24;T03;T05;T09,"For 3. Required States, independently check this leaf: Required collections may be empty. Apply T24 expected records and artifact observations; failure or unsupported evidence cannot count as demonstrated.",A;S;R;M,docs/acceptance-cases.md#t24,not-demonstrated,not-yet-produced,
R3-023,REQUIREMENTS.md:L198,Unresolved or conflicting records must remain visible until:,3. Required States,normative,U02/U06/U09/U10/U11/U13/U17,contracts.py / authority.py / reconcile.py / impacts.py / reviews.py,U02/U06/U09/U10/U11/U13/U17 implementation verifier; U20 closure reviewer,T24;T03;T05;T09,"For 3. Required States, independently check this leaf: Unresolved or conflicting records must remain visible until:. Apply T24 expected records and artifact observations; failure or unsupported evidence cannot count as demonstrated.",A;S;R;M,docs/acceptance-cases.md#t24,not-demonstrated,not-yet-produced,
R3-024,REQUIREMENTS.md:L200,evidence changes; or,3. Required States / Unresolved or conflicting records must remain visible until:,normative,U02/U06/U09/U10/U11/U13/U17,contracts.py / authority.py / reconcile.py / impacts.py / reviews.py,U02/U06/U09/U10/U11/U13/U17 implementation verifier; U20 closure reviewer,T04;T24;T03;T05;T09,"For 3. Required States / Unresolved or conflicting records must remain visible until:, independently check this leaf: evidence changes; or. Apply T04 expected records and artifact observations; failure or unsupported evidence cannot count as demonstrated.",A;S;R;M,docs/acceptance-cases.md#t04,not-demonstrated,not-yet-produced,
R3-025,REQUIREMENTS.md:L201,an actual authorized decision resolves them.,3. Required States / Unresolved or conflicting records must remain visible until:,normative,U02/U06/U09/U10/U11/U13/U17,contracts.py / authority.py / reconcile.py / impacts.py / reviews.py,U02/U06/U09/U10/U11/U13/U17 implementation verifier; U20 closure reviewer,T04;T24;T03;T05;T09,"For 3. Required States / Unresolved or conflicting records must remain visible until:, independently check this leaf: an actual authorized decision resolves them. Apply T04 expected records and artifact observations; failure or unsupported evidence cannot count as demonstrated.",A;S;R;M,docs/acceptance-cases.md#t04,not-demonstrated,not-yet-produced,
R3-026,REQUIREMENTS.md:L203,"For unresolved or conflicting items, preserve:",3. Required States,normative,U02/U06/U09/U10/U11/U13/U17,contracts.py / authority.py / reconcile.py / impacts.py / reviews.py,U02/U06/U09/U10/U11/U13/U17 implementation verifier; U20 closure reviewer,T04;T24;T03;T05;T09,"For 3. Required States, independently check this leaf: For unresolved or conflicting items, preserve:. Apply T04 expected records and artifact observations; failure or unsupported evidence cannot count as demonstrated.",A;S;R;M,docs/acceptance-cases.md#t04,not-demonstrated,not-yet-produced,
R3-027,REQUIREMENTS.md:L205,source basis;,"3. Required States / For unresolved or conflicting items, preserve:",normative,U02/U06/U09/U10/U11/U13/U17,contracts.py / authority.py / reconcile.py / impacts.py / reviews.py,U02/U06/U09/U10/U11/U13/U17 implementation verifier; U20 closure reviewer,T04;T24;T03;T05;T09,"For 3. Required States / For unresolved or conflicting items, preserve:, independently check this leaf: source basis. Apply T04 expected records and artifact observations; failure or unsupported evidence cannot count as demonstrated.",A;S;R;M,docs/acceptance-cases.md#t04,not-demonstrated,not-yet-produced,
R3-028,REQUIREMENTS.md:L206,reason;,"3. Required States / For unresolved or conflicting items, preserve:",normative,U02/U06/U09/U10/U11/U13/U17,contracts.py / authority.py / reconcile.py / impacts.py / reviews.py,U02/U06/U09/U10/U11/U13/U17 implementation verifier; U20 closure reviewer,T04;T24;T03;T05;T09,"For 3. Required States / For unresolved or conflicting items, preserve:, independently check this leaf: reason. Apply T04 expected records and artifact observations; failure or unsupported evidence cannot count as demonstrated.",A;S;R;M,docs/acceptance-cases.md#t04,not-demonstrated,not-yet-produced,
R3-029,REQUIREMENTS.md:L207,known owner;,"3. Required States / For unresolved or conflicting items, preserve:",normative,U02/U06/U09/U10/U11/U13/U17,contracts.py / authority.py / reconcile.py / impacts.py / reviews.py,U02/U06/U09/U10/U11/U13/U17 implementation verifier; U20 closure reviewer,T04;T24;T03;T05;T09,"For 3. Required States / For unresolved or conflicting items, preserve:, independently check this leaf: known owner. Apply T04 expected records and artifact observations; failure or unsupported evidence cannot count as demonstrated.",A;S;R;M,docs/acceptance-cases.md#t04,not-demonstrated,not-yet-produced,
R3-030,REQUIREMENTS.md:L208,resolution need.,"3. Required States / For unresolved or conflicting items, preserve:",normative,U02/U06/U09/U10/U11/U13/U17,contracts.py / authority.py / reconcile.py / impacts.py / reviews.py,U02/U06/U09/U10/U11/U13/U17 implementation verifier; U20 closure reviewer,T04;T24;T03;T05;T09,"For 3. Required States / For unresolved or conflicting items, preserve:, independently check this leaf: resolution need. Apply T04 expected records and artifact observations; failure or unsupported evidence cannot count as demonstrated.",A;S;R;M,docs/acceptance-cases.md#t04,not-demonstrated,not-yet-produced,
R3-031,REQUIREMENTS.md:L210,"Actual field values, source revisions, effective dates, retrieval times, and the assigned review date must remain distinct.",3. Required States,normative,U02/U06/U09/U10/U11/U13/U17,contracts.py / authority.py / reconcile.py / impacts.py / reviews.py,U02/U06/U09/U10/U11/U13/U17 implementation verifier; U20 closure reviewer,T09;T04;T24;T03;T05,"Across every run state and record disposition, independently inspect assigned review date, actual retrieval timestamps, source revisions/effective intervals and factual field values as separate values with explicit precision. T09 varies post-review revisions and unknown intraday boundaries; successful capture must not imply historical suitability.",A;S;R;M,docs/acceptance-cases.md#t09,not-demonstrated,not-yet-produced,
R3-032,REQUIREMENTS.md:L212,The assigned review date must not be silently changed.,3. Required States,normative,U02/U06/U09/U10/U11/U13/U17,contracts.py / authority.py / reconcile.py / impacts.py / reviews.py,U02/U06/U09/U10/U11/U13/U17 implementation verifier; U20 closure reviewer,T09;T04;T24;T03;T05,"For complete, partial and blocked draft variants, inspect Stage 01, Stage 06 and all final artifacts: assigned_review_date remains 2026-08-26 despite later retrieval/revision dates. Scope as_of encodes 2026-08-26T00:00:00Z with date precision; no legal cutover instant is asserted. Apply T09.",A;S;R;M,docs/acceptance-cases.md#t09,not-demonstrated,not-yet-produced,
R4-001,REQUIREMENTS.md:L218,Stable identifiers and matching source/run references must be used across all final outputs.,4. Final Draft Outputs,normative,U12/U17,export_model.py / validate.py,U12/U17 implementation verifier; U20 closure reviewer,T01;T14,"For 4. Final Draft Outputs, independently check this leaf: Stable identifiers and matching source/run references must be used across all final outputs. Apply T01 expected records and artifact observations; failure or unsupported evidence cannot count as demonstrated.",A;S;I;R,docs/acceptance-cases.md#t01,not-demonstrated,not-yet-produced,
R4.1-001,REQUIREMENTS.md:L222,Format:,4.1 `impact-register.csv`,normative,U11/U12/U14/U17,export_model.py / renderers/csv_register.py,U11/U12/U14/U17 implementation verifier; U20 closure reviewer,T26;T11,"For 4.1 `impact-register.csv`, independently check this leaf: Format:. Apply T26 expected records and artifact observations; failure or unsupported evidence cannot count as demonstrated.",A;S;I;R;M,docs/acceptance-cases.md#t26,not-demonstrated,not-yet-produced,
R4.1-002,REQUIREMENTS.md:L224,UTF-8 CSV;,4.1 `impact-register.csv` / Format:,normative,U11/U12/U14/U17,export_model.py / renderers/csv_register.py,U11/U12/U14/U17 implementation verifier; U20 closure reviewer,T26;T11,"For 4.1 `impact-register.csv` / Format:, independently check this leaf: UTF-8 CSV. Apply T26 expected records and artifact observations; failure or unsupported evidence cannot count as demonstrated.",A;S;I;R;M,docs/acceptance-cases.md#t26,not-demonstrated,not-yet-produced,
R4.1-003,REQUIREMENTS.md:L225,header required;,4.1 `impact-register.csv` / Format:,normative,U11/U12/U14/U17,export_model.py / renderers/csv_register.py,U11/U12/U14/U17 implementation verifier; U20 closure reviewer,T26;T11,"For 4.1 `impact-register.csv` / Format:, independently check this leaf: header required. Apply T26 expected records and artifact observations; failure or unsupported evidence cannot count as demonstrated.",A;S;I;R;M,docs/acceptance-cases.md#t26,not-demonstrated,not-yet-produced,
R4.1-004,REQUIREMENTS.md:L226,one row per distinct system/rule impact or unresolved item.,4.1 `impact-register.csv` / Format:,normative,U11/U12/U14/U17,export_model.py / renderers/csv_register.py,U11/U12/U14/U17 implementation verifier; U20 closure reviewer,T26;T11,"For 4.1 `impact-register.csv` / Format:, independently check this leaf: one row per distinct system/rule impact or unresolved item. Apply T26 expected records and artifact observations; failure or unsupported evidence cannot count as demonstrated.",A;S;I;R;M,docs/acceptance-cases.md#t26,not-demonstrated,not-yet-produced,
R4.1-005,REQUIREMENTS.md:L228,Required columns:,4.1 `impact-register.csv`,normative,U11/U12/U14/U17,export_model.py / renderers/csv_register.py,U11/U12/U14/U17 implementation verifier; U20 closure reviewer,T26;T11,"For 4.1 `impact-register.csv`, independently check this leaf: Required columns:. Apply T26 expected records and artifact observations; failure or unsupported evidence cannot count as demonstrated.",A;S;I;R;M,docs/acceptance-cases.md#t26,not-demonstrated,not-yet-produced,
R4.1-006,REQUIREMENTS.md:L230,`impact_id`,4.1 `impact-register.csv` / Required columns:,normative,U11/U12/U14/U17,export_model.py / renderers/csv_register.py,U11/U12/U14/U17 implementation verifier; U20 closure reviewer,T26;T11,"For 4.1 `impact-register.csv` / Required columns:, independently check this leaf: `impact_id`. Apply T26 expected records and artifact observations; failure or unsupported evidence cannot count as demonstrated.",A;S;I;R;M,docs/acceptance-cases.md#t26,not-demonstrated,not-yet-produced,
R4.1-007,REQUIREMENTS.md:L231,`system_id`,4.1 `impact-register.csv` / Required columns:,normative,U11/U12/U14/U17,export_model.py / renderers/csv_register.py,U11/U12/U14/U17 implementation verifier; U20 closure reviewer,T26;T11,"For 4.1 `impact-register.csv` / Required columns:, independently check this leaf: `system_id`. Apply T26 expected records and artifact observations; failure or unsupported evidence cannot count as demonstrated.",A;S;I;R;M,docs/acceptance-cases.md#t26,not-demonstrated,not-yet-produced,
R4.1-008,REQUIREMENTS.md:L232,`rule_ref`,4.1 `impact-register.csv` / Required columns:,normative,U11/U12/U14/U17,export_model.py / renderers/csv_register.py,U11/U12/U14/U17 implementation verifier; U20 closure reviewer,T26;T11,"For 4.1 `impact-register.csv` / Required columns:, independently check this leaf: `rule_ref`. Apply T26 expected records and artifact observations; failure or unsupported evidence cannot count as demonstrated.",A;S;I;R;M,docs/acceptance-cases.md#t26,not-demonstrated,not-yet-produced,
R4.1-009,REQUIREMENTS.md:L233,`state`,4.1 `impact-register.csv` / Required columns:,normative,U11/U12/U14/U17,export_model.py / renderers/csv_register.py,U11/U12/U14/U17 implementation verifier; U20 closure reviewer,T26;T11,"For 4.1 `impact-register.csv` / Required columns:, independently check this leaf: `state`. Apply T26 expected records and artifact observations; failure or unsupported evidence cannot count as demonstrated.",A;S;I;R;M,docs/acceptance-cases.md#t26,not-demonstrated,not-yet-produced,
R4.1-010,REQUIREMENTS.md:L234,`evidence_ids`,4.1 `impact-register.csv` / Required columns:,normative,U11/U12/U14/U17,export_model.py / renderers/csv_register.py,U11/U12/U14/U17 implementation verifier; U20 closure reviewer,T26;T11,"For 4.1 `impact-register.csv` / Required columns:, independently check this leaf: `evidence_ids`. Apply T26 expected records and artifact observations; failure or unsupported evidence cannot count as demonstrated.",A;S;I;R;M,docs/acceptance-cases.md#t26,not-demonstrated,not-yet-produced,
R4.1-011,REQUIREMENTS.md:L235,`reason`,4.1 `impact-register.csv` / Required columns:,normative,U11/U12/U14/U17,export_model.py / renderers/csv_register.py,U11/U12/U14/U17 implementation verifier; U20 closure reviewer,T26;T11,"For 4.1 `impact-register.csv` / Required columns:, independently check this leaf: `reason`. Apply T26 expected records and artifact observations; failure or unsupported evidence cannot count as demonstrated.",A;S;I;R;M,docs/acceptance-cases.md#t26,not-demonstrated,not-yet-produced,
R4.1-012,REQUIREMENTS.md:L236,`owner`,4.1 `impact-register.csv` / Required columns:,normative,U11/U12/U14/U17,export_model.py / renderers/csv_register.py,U11/U12/U14/U17 implementation verifier; U20 closure reviewer,T26;T11,"For 4.1 `impact-register.csv` / Required columns:, independently check this leaf: `owner`. Apply T26 expected records and artifact observations; failure or unsupported evidence cannot count as demonstrated.",A;S;I;R;M,docs/acceptance-cases.md#t26,not-demonstrated,not-yet-produced,
R4.1-013,REQUIREMENTS.md:L237,`proposed_action`,4.1 `impact-register.csv` / Required columns:,normative,U11/U12/U14/U17,export_model.py / renderers/csv_register.py,U11/U12/U14/U17 implementation verifier; U20 closure reviewer,T26;T11,"For 4.1 `impact-register.csv` / Required columns:, independently check this leaf: `proposed_action`. Apply T26 expected records and artifact observations; failure or unsupported evidence cannot count as demonstrated.",A;S;I;R;M,docs/acceptance-cases.md#t26,not-demonstrated,not-yet-produced,
R4.1-014,REQUIREMENTS.md:L238,`proposed_due_date`,4.1 `impact-register.csv` / Required columns:,normative,U11/U12/U14/U17,export_model.py / renderers/csv_register.py,U11/U12/U14/U17 implementation verifier; U20 closure reviewer,T26;T11,"For 4.1 `impact-register.csv` / Required columns:, independently check this leaf: `proposed_due_date`. Apply T26 expected records and artifact observations; failure or unsupported evidence cannot count as demonstrated.",A;S;I;R;M,docs/acceptance-cases.md#t26,not-demonstrated,not-yet-produced,
R4.1-015,REQUIREMENTS.md:L239,`approval_status`,4.1 `impact-register.csv` / Required columns:,normative,U11/U12/U14/U17,export_model.py / renderers/csv_register.py,U11/U12/U14/U17 implementation verifier; U20 closure reviewer,T26;T11,"For 4.1 `impact-register.csv` / Required columns:, independently check this leaf: `approval_status`. Apply T26 expected records and artifact observations; failure or unsupported evidence cannot count as demonstrated.",A;S;I;R;M,docs/acceptance-cases.md#t26,not-demonstrated,not-yet-produced,
R4.1-016,REQUIREMENTS.md:L241,Rules:,4.1 `impact-register.csv`,normative,U11/U12/U14/U17,export_model.py / renderers/csv_register.py,U11/U12/U14/U17 implementation verifier; U20 closure reviewer,T26;T11,"For 4.1 `impact-register.csv`, independently check this leaf: Rules:. Apply T26 expected records and artifact observations; failure or unsupported evidence cannot count as demonstrated.",A;S;I;R;M,docs/acceptance-cases.md#t26,not-demonstrated,not-yet-produced,
R4.1-017,REQUIREMENTS.md:L243,Evidence IDs may be semicolon-separated.,4.1 `impact-register.csv` / Rules:,normative,U11/U12/U14/U17,export_model.py / renderers/csv_register.py,U11/U12/U14/U17 implementation verifier; U20 closure reviewer,T26;T11,"For 4.1 `impact-register.csv` / Rules:, independently check this leaf: Evidence IDs may be semicolon-separated. Apply T26 expected records and artifact observations; failure or unsupported evidence cannot count as demonstrated.",A;S;I;R;M,docs/acceptance-cases.md#t26,not-demonstrated,not-yet-produced,
R4.1-018,REQUIREMENTS.md:L244,Additional columns are allowed.,4.1 `impact-register.csv` / Rules:,normative,U11/U12/U14/U17,export_model.py / renderers/csv_register.py,U11/U12/U14/U17 implementation verifier; U20 closure reviewer,T26;T11,"For 4.1 `impact-register.csv` / Rules:, independently check this leaf: Additional columns are allowed. Apply T26 expected records and artifact observations; failure or unsupported evidence cannot count as demonstrated.",A;S;I;R;M,docs/acceptance-cases.md#t26,not-demonstrated,not-yet-produced,
R4.1-019,REQUIREMENTS.md:L245,"Unknown or inapplicable owner, action, or date may be blank.",4.1 `impact-register.csv` / Rules:,normative,U11/U12/U14/U17,export_model.py / renderers/csv_register.py,U11/U12/U14/U17 implementation verifier; U20 closure reviewer,T26;T11,"For 4.1 `impact-register.csv` / Rules:, independently check this leaf: Unknown or inapplicable owner, action, or date may be blank. Apply T26 expected records and artifact observations; failure or unsupported evidence cannot count as demonstrated.",A;S;I;R;M,docs/acceptance-cases.md#t26,not-demonstrated,not-yet-produced,
R4.1-020,REQUIREMENTS.md:L246,"If a field is blank because information is unknown or unresolved, the reason and resolution need must remain visible.",4.1 `impact-register.csv` / Rules:,normative,U11/U12/U14/U17,export_model.py / renderers/csv_register.py,U11/U12/U14/U17 implementation verifier; U20 closure reviewer,T26;T11,"For 4.1 `impact-register.csv` / Rules:, independently check this leaf: If a field is blank because information is unknown or unresolved, the reason and resolution need must remain visible. Apply T26 expected records and artifact observations; failure or unsupported evidence cannot count as demonstrated.",A;S;I;R;M,docs/acceptance-cases.md#t26,not-demonstrated,not-yet-produced,
R4.1-021,REQUIREMENTS.md:L247,Known dates must use `YYYY-MM-DD`.,4.1 `impact-register.csv` / Rules:,normative,U11/U12/U14/U17,export_model.py / renderers/csv_register.py,U11/U12/U14/U17 implementation verifier; U20 closure reviewer,T26;T11,"For 4.1 `impact-register.csv` / Rules:, independently check this leaf: Known dates must use `YYYY-MM-DD`. Apply T26 expected records and artifact observations; failure or unsupported evidence cannot count as demonstrated.",A;S;I;R;M,docs/acceptance-cases.md#t26,not-demonstrated,not-yet-produced,
R4.1-022,REQUIREMENTS.md:L248,Different legal or policy rule bases must remain distinguishable.,4.1 `impact-register.csv` / Rules:,normative,U11/U12/U14/U17,export_model.py / renderers/csv_register.py,U11/U12/U14/U17 implementation verifier; U20 closure reviewer,T26;T11,"For 4.1 `impact-register.csv` / Rules:, independently check this leaf: Different legal or policy rule bases must remain distinguishable. Apply T26 expected records and artifact observations; failure or unsupported evidence cannot count as demonstrated.",A;S;I;R;M,docs/acceptance-cases.md#t26,not-demonstrated,not-yet-produced,
R4.2-001,REQUIREMENTS.md:L254,The brief must include:,4.2 `compliance-brief.md`,normative,U15/U17/U20,renderers/brief.py / validate.py,U15/U17/U20 implementation verifier; U20 closure reviewer,T27;T03,"For 4.2 `compliance-brief.md`, independently check this leaf: The brief must include:. Apply T27 expected records and artifact observations; failure or unsupported evidence cannot count as demonstrated.",A;S;I;R;M,docs/acceptance-cases.md#t27,not-demonstrated,not-yet-produced,
R4.2-002,REQUIREMENTS.md:L256,run ID;,4.2 `compliance-brief.md` / The brief must include:,normative,U15/U17/U20,renderers/brief.py / validate.py,U15/U17/U20 implementation verifier; U20 closure reviewer,T27;T03,"For 4.2 `compliance-brief.md` / The brief must include:, independently check this leaf: run ID. Apply T27 expected records and artifact observations; failure or unsupported evidence cannot count as demonstrated.",A;S;I;R;M,docs/acceptance-cases.md#t27,not-demonstrated,not-yet-produced,
R4.2-003,REQUIREMENTS.md:L257,as-of date;,4.2 `compliance-brief.md` / The brief must include:,normative,U15/U17/U20,renderers/brief.py / validate.py,U15/U17/U20 implementation verifier; U20 closure reviewer,T27;T03,"For 4.2 `compliance-brief.md` / The brief must include:, independently check this leaf: as-of date. Apply T27 expected records and artifact observations; failure or unsupported evidence cannot count as demonstrated.",A;S;I;R;M,docs/acceptance-cases.md#t27,not-demonstrated,not-yet-produced,
R4.2-004,REQUIREMENTS.md:L258,recipients;,4.2 `compliance-brief.md` / The brief must include:,normative,U15/U17/U20,renderers/brief.py / validate.py,U15/U17/U20 implementation verifier; U20 closure reviewer,T27;T03,"For 4.2 `compliance-brief.md` / The brief must include:, independently check this leaf: recipients. Apply T27 expected records and artifact observations; failure or unsupported evidence cannot count as demonstrated.",A;S;I;R;M,docs/acceptance-cases.md#t27,not-demonstrated,not-yet-produced,
R4.2-005,REQUIREMENTS.md:L259,draft status;,4.2 `compliance-brief.md` / The brief must include:,normative,U15/U17/U20,renderers/brief.py / validate.py,U15/U17/U20 implementation verifier; U20 closure reviewer,T27;T03,"For 4.2 `compliance-brief.md` / The brief must include:, independently check this leaf: draft status. Apply T27 expected records and artifact observations; failure or unsupported evidence cannot count as demonstrated.",A;S;I;R;M,docs/acceptance-cases.md#t27,not-demonstrated,not-yet-produced,
R4.2-006,REQUIREMENTS.md:L260,run status;,4.2 `compliance-brief.md` / The brief must include:,normative,U15/U17/U20,renderers/brief.py / validate.py,U15/U17/U20 implementation verifier; U20 closure reviewer,T27;T03,"For 4.2 `compliance-brief.md` / The brief must include:, independently check this leaf: run status. Apply T27 expected records and artifact observations; failure or unsupported evidence cannot count as demonstrated.",A;S;I;R;M,docs/acceptance-cases.md#t27,not-demonstrated,not-yet-produced,
R4.2-007,REQUIREMENTS.md:L261,source quality;,4.2 `compliance-brief.md` / The brief must include:,normative,U15/U17/U20,renderers/brief.py / validate.py,U15/U17/U20 implementation verifier; U20 closure reviewer,T27;T03,"For 4.2 `compliance-brief.md` / The brief must include:, independently check this leaf: source quality. Apply T27 expected records and artifact observations; failure or unsupported evidence cannot count as demonstrated.",A;S;I;R;M,docs/acceptance-cases.md#t27,not-demonstrated,not-yet-produced,
R4.2-008,REQUIREMENTS.md:L262,source limitations;,4.2 `compliance-brief.md` / The brief must include:,normative,U15/U17/U20,renderers/brief.py / validate.py,U15/U17/U20 implementation verifier; U20 closure reviewer,T27;T03,"For 4.2 `compliance-brief.md` / The brief must include:, independently check this leaf: source limitations. Apply T27 expected records and artifact observations; failure or unsupported evidence cannot count as demonstrated.",A;S;I;R;M,docs/acceptance-cases.md#t27,not-demonstrated,not-yet-produced,
R4.2-009,REQUIREMENTS.md:L263,supported observations;,4.2 `compliance-brief.md` / The brief must include:,normative,U15/U17/U20,renderers/brief.py / validate.py,U15/U17/U20 implementation verifier; U20 closure reviewer,T27;T03,"For 4.2 `compliance-brief.md` / The brief must include:, independently check this leaf: supported observations. Apply T27 expected records and artifact observations; failure or unsupported evidence cannot count as demonstrated.",A;S;I;R;M,docs/acceptance-cases.md#t27,not-demonstrated,not-yet-produced,
R4.2-010,REQUIREMENTS.md:L264,conflicts;,4.2 `compliance-brief.md` / The brief must include:,normative,U15/U17/U20,renderers/brief.py / validate.py,U15/U17/U20 implementation verifier; U20 closure reviewer,T27;T03,"For 4.2 `compliance-brief.md` / The brief must include:, independently check this leaf: conflicts. Apply T27 expected records and artifact observations; failure or unsupported evidence cannot count as demonstrated.",A;S;I;R;M,docs/acceptance-cases.md#t27,not-demonstrated,not-yet-produced,
R4.2-011,REQUIREMENTS.md:L265,unresolved scope;,4.2 `compliance-brief.md` / The brief must include:,normative,U15/U17/U20,renderers/brief.py / validate.py,U15/U17/U20 implementation verifier; U20 closure reviewer,T27;T03,"For 4.2 `compliance-brief.md` / The brief must include:, independently check this leaf: unresolved scope. Apply T27 expected records and artifact observations; failure or unsupported evidence cannot count as demonstrated.",A;S;I;R;M,docs/acceptance-cases.md#t27,not-demonstrated,not-yet-produced,
R4.2-012,REQUIREMENTS.md:L266,proposed actions;,4.2 `compliance-brief.md` / The brief must include:,normative,U15/U17/U20,renderers/brief.py / validate.py,U15/U17/U20 implementation verifier; U20 closure reviewer,T27;T03,"For 4.2 `compliance-brief.md` / The brief must include:, independently check this leaf: proposed actions. Apply T27 expected records and artifact observations; failure or unsupported evidence cannot count as demonstrated.",A;S;I;R;M,docs/acceptance-cases.md#t27,not-demonstrated,not-yet-produced,
R4.2-013,REQUIREMENTS.md:L267,proposed dates;,4.2 `compliance-brief.md` / The brief must include:,normative,U15/U17/U20,renderers/brief.py / validate.py,U15/U17/U20 implementation verifier; U20 closure reviewer,T27;T03,"For 4.2 `compliance-brief.md` / The brief must include:, independently check this leaf: proposed dates. Apply T27 expected records and artifact observations; failure or unsupported evidence cannot count as demonstrated.",A;S;I;R;M,docs/acceptance-cases.md#t27,not-demonstrated,not-yet-produced,
R4.2-014,REQUIREMENTS.md:L268,decisions requested from Legal and/or Operations.,4.2 `compliance-brief.md` / The brief must include:,normative,U15/U17/U20,renderers/brief.py / validate.py,U15/U17/U20 implementation verifier; U20 closure reviewer,T27;T03,"For 4.2 `compliance-brief.md` / The brief must include:, independently check this leaf: decisions requested from Legal and/or Operations. Apply T27 expected records and artifact observations; failure or unsupported evidence cannot count as demonstrated.",A;S;I;R;M,docs/acceptance-cases.md#t27,not-demonstrated,not-yet-produced,
R4.2-015,REQUIREMENTS.md:L270,The brief must cite relevant:,4.2 `compliance-brief.md`,normative,U15/U17/U20,renderers/brief.py / validate.py,U15/U17/U20 implementation verifier; U20 closure reviewer,T27;T03,"For 4.2 `compliance-brief.md`, independently check this leaf: The brief must cite relevant:. Apply T27 expected records and artifact observations; failure or unsupported evidence cannot count as demonstrated.",A;S;I;R;M,docs/acceptance-cases.md#t27,not-demonstrated,not-yet-produced,
R4.2-016,REQUIREMENTS.md:L272,impact IDs;,4.2 `compliance-brief.md` / The brief must cite relevant:,normative,U15/U17/U20,renderers/brief.py / validate.py,U15/U17/U20 implementation verifier; U20 closure reviewer,T27;T03,"For 4.2 `compliance-brief.md` / The brief must cite relevant:, independently check this leaf: impact IDs. Apply T27 expected records and artifact observations; failure or unsupported evidence cannot count as demonstrated.",A;S;I;R;M,docs/acceptance-cases.md#t27,not-demonstrated,not-yet-produced,
R4.2-017,REQUIREMENTS.md:L273,action IDs;,4.2 `compliance-brief.md` / The brief must cite relevant:,normative,U15/U17/U20,renderers/brief.py / validate.py,U15/U17/U20 implementation verifier; U20 closure reviewer,T27;T03,"For 4.2 `compliance-brief.md` / The brief must cite relevant:, independently check this leaf: action IDs. Apply T27 expected records and artifact observations; failure or unsupported evidence cannot count as demonstrated.",A;S;I;R;M,docs/acceptance-cases.md#t27,not-demonstrated,not-yet-produced,
R4.2-018,REQUIREMENTS.md:L274,evidence IDs.,4.2 `compliance-brief.md` / The brief must cite relevant:,normative,U15/U17/U20,renderers/brief.py / validate.py,U15/U17/U20 implementation verifier; U20 closure reviewer,T27;T03,"For 4.2 `compliance-brief.md` / The brief must cite relevant:, independently check this leaf: evidence IDs. Apply T27 expected records and artifact observations; failure or unsupported evidence cannot count as demonstrated.",A;S;I;R;M,docs/acceptance-cases.md#t27,not-demonstrated,not-yet-produced,
R4.2-019,REQUIREMENTS.md:L276,The scope of each conclusion must be explicit.,4.2 `compliance-brief.md`,normative,U15/U17/U20,renderers/brief.py / validate.py,U15/U17/U20 implementation verifier; U20 closure reviewer,T27;T03,"For 4.2 `compliance-brief.md`, independently check this leaf: The scope of each conclusion must be explicit. Apply T27 expected records and artifact observations; failure or unsupported evidence cannot count as demonstrated.",A;S;I;R;M,docs/acceptance-cases.md#t27,not-demonstrated,not-yet-produced,
R4.3-001,REQUIREMENTS.md:L282,Must be a valid RFC 5545 `VCALENDAR`.,4.3 `action-calendar.ics`,normative,U16/U17,renderers/calendar.py / validate.py,U16/U17 implementation verifier; U20 closure reviewer,T28;T10,"For 4.3 `action-calendar.ics`, independently check this leaf: Must be a valid RFC 5545 `VCALENDAR`. Apply T28 expected records and artifact observations; failure or unsupported evidence cannot count as demonstrated.",A;S;I;R;M,docs/acceptance-cases.md#t28,not-demonstrated,not-yet-produced,
R4.3-002,REQUIREMENTS.md:L284,Required calendar fields:,4.3 `action-calendar.ics`,normative,U16/U17,renderers/calendar.py / validate.py,U16/U17 implementation verifier; U20 closure reviewer,T28;T10,"For 4.3 `action-calendar.ics`, independently check this leaf: Required calendar fields:. Apply T28 expected records and artifact observations; failure or unsupported evidence cannot count as demonstrated.",A;S;I;R;M,docs/acceptance-cases.md#t28,not-demonstrated,not-yet-produced,
R4.3-003,REQUIREMENTS.md:L286,`VERSION`,4.3 `action-calendar.ics` / Required calendar fields:,normative,U16/U17,renderers/calendar.py / validate.py,U16/U17 implementation verifier; U20 closure reviewer,T28;T10,"For 4.3 `action-calendar.ics` / Required calendar fields:, independently check this leaf: `VERSION`. Apply T28 expected records and artifact observations; failure or unsupported evidence cannot count as demonstrated.",A;S;I;R;M,docs/acceptance-cases.md#t28,not-demonstrated,not-yet-produced,
R4.3-004,REQUIREMENTS.md:L287,`PRODID`,4.3 `action-calendar.ics` / Required calendar fields:,normative,U16/U17,renderers/calendar.py / validate.py,U16/U17 implementation verifier; U20 closure reviewer,T28;T10,"For 4.3 `action-calendar.ics` / Required calendar fields:, independently check this leaf: `PRODID`. Apply T28 expected records and artifact observations; failure or unsupported evidence cannot count as demonstrated.",A;S;I;R;M,docs/acceptance-cases.md#t28,not-demonstrated,not-yet-produced,
R4.3-005,REQUIREMENTS.md:L289,Each event requires:,4.3 `action-calendar.ics`,normative,U16/U17,renderers/calendar.py / validate.py,U16/U17 implementation verifier; U20 closure reviewer,T28;T10,"For 4.3 `action-calendar.ics`, independently check this leaf: Each event requires:. Apply T28 expected records and artifact observations; failure or unsupported evidence cannot count as demonstrated.",A;S;I;R;M,docs/acceptance-cases.md#t28,not-demonstrated,not-yet-produced,
R4.3-006,REQUIREMENTS.md:L291,stable action-linked `UID`;,4.3 `action-calendar.ics` / Each event requires:,normative,U16/U17,renderers/calendar.py / validate.py,U16/U17 implementation verifier; U20 closure reviewer,T28;T10,"For 4.3 `action-calendar.ics` / Each event requires:, independently check this leaf: stable action-linked `UID`. Apply T28 expected records and artifact observations; failure or unsupported evidence cannot count as demonstrated.",A;S;I;R;M,docs/acceptance-cases.md#t28,not-demonstrated,not-yet-produced,
R4.3-007,REQUIREMENTS.md:L292,`DTSTAMP`;,4.3 `action-calendar.ics` / Each event requires:,normative,U16/U17,renderers/calendar.py / validate.py,U16/U17 implementation verifier; U20 closure reviewer,T28;T10,"For 4.3 `action-calendar.ics` / Each event requires:, independently check this leaf: `DTSTAMP`. Apply T28 expected records and artifact observations; failure or unsupported evidence cannot count as demonstrated.",A;S;I;R;M,docs/acceptance-cases.md#t28,not-demonstrated,not-yet-produced,
R4.3-008,REQUIREMENTS.md:L293,`DTSTART`;,4.3 `action-calendar.ics` / Each event requires:,normative,U16/U17,renderers/calendar.py / validate.py,U16/U17 implementation verifier; U20 closure reviewer,T28;T10,"For 4.3 `action-calendar.ics` / Each event requires:, independently check this leaf: `DTSTART`. Apply T28 expected records and artifact observations; failure or unsupported evidence cannot count as demonstrated.",A;S;I;R;M,docs/acceptance-cases.md#t28,not-demonstrated,not-yet-produced,
R4.3-009,REQUIREMENTS.md:L294,`SUMMARY`;,4.3 `action-calendar.ics` / Each event requires:,normative,U16/U17,renderers/calendar.py / validate.py,U16/U17 implementation verifier; U20 closure reviewer,T28;T10,"For 4.3 `action-calendar.ics` / Each event requires:, independently check this leaf: `SUMMARY`. Apply T28 expected records and artifact observations; failure or unsupported evidence cannot count as demonstrated.",A;S;I;R;M,docs/acceptance-cases.md#t28,not-demonstrated,not-yet-produced,
R4.3-010,REQUIREMENTS.md:L295,`DESCRIPTION`.,4.3 `action-calendar.ics` / Each event requires:,normative,U16/U17,renderers/calendar.py / validate.py,U16/U17 implementation verifier; U20 closure reviewer,T28;T10,"For 4.3 `action-calendar.ics` / Each event requires:, independently check this leaf: `DESCRIPTION`. Apply T28 expected records and artifact observations; failure or unsupported evidence cannot count as demonstrated.",A;S;I;R;M,docs/acceptance-cases.md#t28,not-demonstrated,not-yet-produced,
R4.3-011,REQUIREMENTS.md:L297,`DESCRIPTION` must contain:,4.3 `action-calendar.ics`,normative,U16/U17,renderers/calendar.py / validate.py,U16/U17 implementation verifier; U20 closure reviewer,T28;T10,"For 4.3 `action-calendar.ics`, independently check this leaf: `DESCRIPTION` must contain:. Apply T28 expected records and artifact observations; failure or unsupported evidence cannot count as demonstrated.",A;S;I;R;M,docs/acceptance-cases.md#t28,not-demonstrated,not-yet-produced,
R4.3-012,REQUIREMENTS.md:L299,action ID;,4.3 `action-calendar.ics` / `DESCRIPTION` must contain:,normative,U16/U17,renderers/calendar.py / validate.py,U16/U17 implementation verifier; U20 closure reviewer,T28;T10,"For 4.3 `action-calendar.ics` / `DESCRIPTION` must contain:, independently check this leaf: action ID. Apply T28 expected records and artifact observations; failure or unsupported evidence cannot count as demonstrated.",A;S;I;R;M,docs/acceptance-cases.md#t28,not-demonstrated,not-yet-produced,
R4.3-013,REQUIREMENTS.md:L300,system ID;,4.3 `action-calendar.ics` / `DESCRIPTION` must contain:,normative,U16/U17,renderers/calendar.py / validate.py,U16/U17 implementation verifier; U20 closure reviewer,T28;T10,"For 4.3 `action-calendar.ics` / `DESCRIPTION` must contain:, independently check this leaf: system ID. Apply T28 expected records and artifact observations; failure or unsupported evidence cannot count as demonstrated.",A;S;I;R;M,docs/acceptance-cases.md#t28,not-demonstrated,not-yet-produced,
R4.3-014,REQUIREMENTS.md:L301,responsible role;,4.3 `action-calendar.ics` / `DESCRIPTION` must contain:,normative,U16/U17,renderers/calendar.py / validate.py,U16/U17 implementation verifier; U20 closure reviewer,T28;T10,"For 4.3 `action-calendar.ics` / `DESCRIPTION` must contain:, independently check this leaf: responsible role. Apply T28 expected records and artifact observations; failure or unsupported evidence cannot count as demonstrated.",A;S;I;R;M,docs/acceptance-cases.md#t28,not-demonstrated,not-yet-produced,
R4.3-015,REQUIREMENTS.md:L302,source or decision basis;,4.3 `action-calendar.ics` / `DESCRIPTION` must contain:,normative,U16/U17,renderers/calendar.py / validate.py,U16/U17 implementation verifier; U20 closure reviewer,T28;T10,"For 4.3 `action-calendar.ics` / `DESCRIPTION` must contain:, independently check this leaf: source or decision basis. Apply T28 expected records and artifact observations; failure or unsupported evidence cannot count as demonstrated.",A;S;I;R;M,docs/acceptance-cases.md#t28,not-demonstrated,not-yet-produced,
R4.3-016,REQUIREMENTS.md:L303,approval status.,4.3 `action-calendar.ics` / `DESCRIPTION` must contain:,normative,U16/U17,renderers/calendar.py / validate.py,U16/U17 implementation verifier; U20 closure reviewer,T28;T10,"For 4.3 `action-calendar.ics` / `DESCRIPTION` must contain:, independently check this leaf: approval status. Apply T28 expected records and artifact observations; failure or unsupported evidence cannot count as demonstrated.",A;S;I;R;M,docs/acceptance-cases.md#t28,not-demonstrated,not-yet-produced,
R4.3-017,REQUIREMENTS.md:L305,Proposed events must use:,4.3 `action-calendar.ics`,normative,U16/U17,renderers/calendar.py / validate.py,U16/U17 implementation verifier; U20 closure reviewer,T28;T10,"For 4.3 `action-calendar.ics`, independently check this leaf: Proposed events must use:. Apply T28 expected records and artifact observations; failure or unsupported evidence cannot count as demonstrated.",A;S;I;R;M,docs/acceptance-cases.md#t28,not-demonstrated,not-yet-produced,
R4.3-018,REQUIREMENTS.md:L307,`STATUS:TENTATIVE`,4.3 `action-calendar.ics` / Proposed events must use:,normative,U16/U17,renderers/calendar.py / validate.py,U16/U17 implementation verifier; U20 closure reviewer,T28;T10,"For 4.3 `action-calendar.ics` / Proposed events must use:, independently check this leaf: `STATUS:TENTATIVE`. Apply T28 expected records and artifact observations; failure or unsupported evidence cannot count as demonstrated.",A;S;I;R;M,docs/acceptance-cases.md#t28,not-demonstrated,not-yet-produced,
R4.3-019,REQUIREMENTS.md:L309,Date-only inputs must use all-day `DATE` values.,4.3 `action-calendar.ics`,normative,U16/U17,renderers/calendar.py / validate.py,U16/U17 implementation verifier; U20 closure reviewer,T28;T10,"For 4.3 `action-calendar.ics`, independently check this leaf: Date-only inputs must use all-day `DATE` values. Apply T28 expected records and artifact observations; failure or unsupported evidence cannot count as demonstrated.",A;S;I;R;M,docs/acceptance-cases.md#t28,not-demonstrated,not-yet-produced,
R4.3-020,REQUIREMENTS.md:L311,"If `DTEND` is present for a date-only event, it must be exclusive.",4.3 `action-calendar.ics`,normative,U16/U17,renderers/calendar.py / validate.py,U16/U17 implementation verifier; U20 closure reviewer,T28;T10,"For 4.3 `action-calendar.ics`, independently check this leaf: If `DTEND` is present for a date-only event, it must be exclusive. Apply T28 expected records and artifact observations; failure or unsupported evidence cannot count as demonstrated.",A;S;I;R;M,docs/acceptance-cases.md#t28,not-demonstrated,not-yet-produced,
R4.3-021,REQUIREMENTS.md:L313,Undated events must not be written to the calendar.,4.3 `action-calendar.ics`,normative,U16/U17,renderers/calendar.py / validate.py,U16/U17 implementation verifier; U20 closure reviewer,T28;T10,"For 4.3 `action-calendar.ics`, independently check this leaf: Undated events must not be written to the calendar. Apply T28 expected records and artifact observations; failure or unsupported evidence cannot count as demonstrated.",A;S;I;R;M,docs/acceptance-cases.md#t28,not-demonstrated,not-yet-produced,
R4.3-022,REQUIREMENTS.md:L315,Undated actions must instead be explained in the impact register and compliance brief.,4.3 `action-calendar.ics`,normative,U16/U17,renderers/calendar.py / validate.py,U16/U17 implementation verifier; U20 closure reviewer,T28;T10,"For 4.3 `action-calendar.ics`, independently check this leaf: Undated actions must instead be explained in the impact register and compliance brief. Apply T28 expected records and artifact observations; failure or unsupported evidence cannot count as demonstrated.",A;S;I;R;M,docs/acceptance-cases.md#t28,not-demonstrated,not-yet-produced,
R4.3-023,REQUIREMENTS.md:L317,"If no dated proposal is supportable, the system must still produce an empty but valid calendar.",4.3 `action-calendar.ics`,normative,U16/U17,renderers/calendar.py / validate.py,U16/U17 implementation verifier; U20 closure reviewer,T28;T10,"For 4.3 `action-calendar.ics`, independently check this leaf: If no dated proposal is supportable, the system must still produce an empty but valid calendar. Apply T28 expected records and artifact observations; failure or unsupported evidence cannot count as demonstrated.",A;S;I;R;M,docs/acceptance-cases.md#t28,not-demonstrated,not-yet-produced,
R5-001,REQUIREMENTS.md:L323,Stage 07 must record:,5. Stage 07 — Publication Validation,normative,U09/U11/U17/U20,authority.py / validate.py,U09/U11/U17/U20 implementation verifier; U20 closure reviewer,T14;T02;T03,"For 5. Stage 07 — Publication Validation, independently check this leaf: Stage 07 must record:. Apply T14 expected records and artifact observations; failure or unsupported evidence cannot count as demonstrated.",A;S;I;R;M,docs/acceptance-cases.md#t14,not-demonstrated,not-yet-produced,
R5-002,REQUIREMENTS.md:L325,exact final file paths;,5. Stage 07 — Publication Validation / Stage 07 must record:,normative,U09/U11/U17/U20,authority.py / validate.py,U09/U11/U17/U20 implementation verifier; U20 closure reviewer,T14;T02;T03,"For 5. Stage 07 — Publication Validation / Stage 07 must record:, independently check this leaf: exact final file paths. Apply T14 expected records and artifact observations; failure or unsupported evidence cannot count as demonstrated.",A;S;I;R;M,docs/acceptance-cases.md#t14,not-demonstrated,not-yet-produced,
R5-003,REQUIREMENTS.md:L326,exact final file hashes;,5. Stage 07 — Publication Validation / Stage 07 must record:,normative,U09/U11/U17/U20,authority.py / validate.py,U09/U11/U17/U20 implementation verifier; U20 closure reviewer,T14;T02;T03,"For 5. Stage 07 — Publication Validation / Stage 07 must record:, independently check this leaf: exact final file hashes. Apply T14 expected records and artifact observations; failure or unsupported evidence cannot count as demonstrated.",A;S;I;R;M,docs/acceptance-cases.md#t14,not-demonstrated,not-yet-produced,
R5-004,REQUIREMENTS.md:L327,cross-file agreement against Stage 06.,5. Stage 07 — Publication Validation / Stage 07 must record:,normative,U09/U11/U17/U20,authority.py / validate.py,U09/U11/U17/U20 implementation verifier; U20 closure reviewer,T14;T02;T03,"For 5. Stage 07 — Publication Validation / Stage 07 must record:, independently check this leaf: cross-file agreement against Stage 06. Apply T14 expected records and artifact observations; failure or unsupported evidence cannot count as demonstrated.",A;S;I;R;M,docs/acceptance-cases.md#t14,not-demonstrated,not-yet-produced,
R5-005,REQUIREMENTS.md:L329,"Stage 07 represents **draft validation**, not:",5. Stage 07 — Publication Validation,normative,U09/U11/U17/U20,authority.py / validate.py,U09/U11/U17/U20 implementation verifier; U20 closure reviewer,T27;T02;T03;T14,"For 5. Stage 07 — Publication Validation, independently check this leaf: Stage 07 represents **draft validation**, not:. Apply T27 expected records and artifact observations; failure or unsupported evidence cannot count as demonstrated.",A;S;I;R;M,docs/acceptance-cases.md#t27,not-demonstrated,not-yet-produced,
R5-006,REQUIREMENTS.md:L331,human approval;,"5. Stage 07 — Publication Validation / Stage 07 represents **draft validation**, not:",normative,U09/U11/U17/U20,authority.py / validate.py,U09/U11/U17/U20 implementation verifier; U20 closure reviewer,T27;T02;T03;T14,"For 5. Stage 07 — Publication Validation / Stage 07 represents **draft validation**, not:, independently check this leaf: human approval. Apply T27 expected records and artifact observations; failure or unsupported evidence cannot count as demonstrated.",A;S;I;R;M,docs/acceptance-cases.md#t27,not-demonstrated,not-yet-produced,
R5-007,REQUIREMENTS.md:L332,external publication;,"5. Stage 07 — Publication Validation / Stage 07 represents **draft validation**, not:",normative,U09/U11/U17/U20,authority.py / validate.py,U09/U11/U17/U20 implementation verifier; U20 closure reviewer,T27;T02;T03;T14,"For 5. Stage 07 — Publication Validation / Stage 07 represents **draft validation**, not:, independently check this leaf: external publication. Apply T27 expected records and artifact observations; failure or unsupported evidence cannot count as demonstrated.",A;S;I;R;M,docs/acceptance-cases.md#t27,not-demonstrated,not-yet-produced,
R5-008,REQUIREMENTS.md:L333,legal sign-off.,"5. Stage 07 — Publication Validation / Stage 07 represents **draft validation**, not:",normative,U09/U11/U17/U20,authority.py / validate.py,U09/U11/U17/U20 implementation verifier; U20 closure reviewer,T27;T02;T03;T14,"For 5. Stage 07 — Publication Validation / Stage 07 represents **draft validation**, not:, independently check this leaf: legal sign-off. Apply T27 expected records and artifact observations; failure or unsupported evidence cannot count as demonstrated.",A;S;I;R;M,docs/acceptance-cases.md#t27,not-demonstrated,not-yet-produced,
R5-009,REQUIREMENTS.md:L335,A bounded partial draft may be internally consistent.,5. Stage 07 — Publication Validation,normative,U09/U11/U17/U20,authority.py / validate.py,U09/U11/U17/U20 implementation verifier; U20 closure reviewer,T03;T02;T14,"For 5. Stage 07 — Publication Validation, independently check this leaf: A bounded partial draft may be internally consistent. Apply T03 expected records and artifact observations; failure or unsupported evidence cannot count as demonstrated.",A;S;I;R;M,docs/acceptance-cases.md#t03,not-demonstrated,not-yet-produced,
R5-010,REQUIREMENTS.md:L337,"However, an unresolved legal-authority blocker must not be represented as normal validated publication.",5. Stage 07 — Publication Validation,normative,U09/U11/U17/U20,authority.py / validate.py,U09/U11/U17/U20 implementation verifier; U20 closure reviewer,T02;T03;T14,"For 5. Stage 07 — Publication Validation, independently check this leaf: However, an unresolved legal-authority blocker must not be represented as normal validated publication. Apply T02 expected records and artifact observations; failure or unsupported evidence cannot count as demonstrated.",A;S;I;R;M,docs/acceptance-cases.md#t02,not-demonstrated,not-yet-produced,
R5-011,REQUIREMENTS.md:L339,If required legal authority is unavailable or unsuitable:,5. Stage 07 — Publication Validation,normative,U09/U11/U17/U20,authority.py / validate.py,U09/U11/U17/U20 implementation verifier; U20 closure reviewer,T02;T03;T14,"For 5. Stage 07 — Publication Validation, independently check this leaf: If required legal authority is unavailable or unsuitable:. Apply T02 expected records and artifact observations; failure or unsupported evidence cannot count as demonstrated.",A;S;I;R;M,docs/acceptance-cases.md#t02,not-demonstrated,not-yet-produced,
R5-012,REQUIREMENTS.md:L341,dependent formal conclusions must be withheld;,5. Stage 07 — Publication Validation / If required legal authority is unavailable or unsuitable:,normative,U09/U11/U17/U20,authority.py / validate.py,U09/U11/U17/U20 implementation verifier; U20 closure reviewer,T02;T03;T14,"For 5. Stage 07 — Publication Validation / If required legal authority is unavailable or unsuitable:, independently check this leaf: dependent formal conclusions must be withheld. Apply T02 expected records and artifact observations; failure or unsupported evidence cannot count as demonstrated.",A;S;I;R;M,docs/acceptance-cases.md#t02,not-demonstrated,not-yet-produced,
R5-013,REQUIREMENTS.md:L342,the blocked or unresolved chain must be preserved;,5. Stage 07 — Publication Validation / If required legal authority is unavailable or unsuitable:,normative,U09/U11/U17/U20,authority.py / validate.py,U09/U11/U17/U20 implementation verifier; U20 closure reviewer,T02;T03;T14,"For 5. Stage 07 — Publication Validation / If required legal authority is unavailable or unsuitable:, independently check this leaf: the blocked or unresolved chain must be preserved. Apply T02 expected records and artifact observations; failure or unsupported evidence cannot count as demonstrated.",A;S;I;R;M,docs/acceptance-cases.md#t02,not-demonstrated,not-yet-produced,
R5-014,REQUIREMENTS.md:L343,the impact register and compliance brief must reflect the issue;,5. Stage 07 — Publication Validation / If required legal authority is unavailable or unsuitable:,normative,U09/U11/U17/U20,authority.py / validate.py,U09/U11/U17/U20 implementation verifier; U20 closure reviewer,T02;T03;T14,"For 5. Stage 07 — Publication Validation / If required legal authority is unavailable or unsuitable:, independently check this leaf: the impact register and compliance brief must reflect the issue. Apply T02 expected records and artifact observations; failure or unsupported evidence cannot count as demonstrated.",A;S;I;R;M,docs/acceptance-cases.md#t02,not-demonstrated,not-yet-produced,
R5-015,REQUIREMENTS.md:L344,the calendar must be empty or limited to supportable items.,5. Stage 07 — Publication Validation / If required legal authority is unavailable or unsuitable:,normative,U09/U11/U17/U20,authority.py / validate.py,U09/U11/U17/U20 implementation verifier; U20 closure reviewer,T02;T03;T14,"For 5. Stage 07 — Publication Validation / If required legal authority is unavailable or unsuitable:, independently check this leaf: the calendar must be empty or limited to supportable items. Apply T02 expected records and artifact observations; failure or unsupported evidence cannot count as demonstrated.",A;S;I;R;M,docs/acceptance-cases.md#t02,not-demonstrated,not-yet-produced,
R5-016,REQUIREMENTS.md:L346,"If other unsupported inputs are missing, the system must determine whether:",5. Stage 07 — Publication Validation,normative,U09/U11/U17/U20,authority.py / validate.py,U09/U11/U17/U20 implementation verifier; U20 closure reviewer,T03;T02;T14,"For 5. Stage 07 — Publication Validation, independently check this leaf: If other unsupported inputs are missing, the system must determine whether:. Apply T03 expected records and artifact observations; failure or unsupported evidence cannot count as demonstrated.",A;S;I;R;M,docs/acceptance-cases.md#t03,not-demonstrated,not-yet-produced,
R5-017,REQUIREMENTS.md:L348,the entire run must be deferred; or,"5. Stage 07 — Publication Validation / If other unsupported inputs are missing, the system must determine whether:",normative,U09/U11/U17/U20,authority.py / validate.py,U09/U11/U17/U20 implementation verifier; U20 closure reviewer,T03;T02;T14,"For 5. Stage 07 — Publication Validation / If other unsupported inputs are missing, the system must determine whether:, independently check this leaf: the entire run must be deferred; or. Apply T03 expected records and artifact observations; failure or unsupported evidence cannot count as demonstrated.",A;S;I;R;M,docs/acceptance-cases.md#t03,not-demonstrated,not-yet-produced,
R5-018,REQUIREMENTS.md:L349,unaffected work can still proceed.,"5. Stage 07 — Publication Validation / If other unsupported inputs are missing, the system must determine whether:",normative,U09/U11/U17/U20,authority.py / validate.py,U09/U11/U17/U20 implementation verifier; U20 closure reviewer,T03;T02;T14,"For 5. Stage 07 — Publication Validation / If other unsupported inputs are missing, the system must determine whether:, independently check this leaf: unaffected work can still proceed. Apply T03 expected records and artifact observations; failure or unsupported evidence cannot count as demonstrated.",A;S;I;R;M,docs/acceptance-cases.md#t03,not-demonstrated,not-yet-produced,
R5-019,REQUIREMENTS.md:L351,That choice must be explicit and consistent across all outputs.,5. Stage 07 — Publication Validation,normative,U09/U11/U17/U20,authority.py / validate.py,U09/U11/U17/U20 implementation verifier; U20 closure reviewer,T03;T02;T14,"For 5. Stage 07 — Publication Validation, independently check this leaf: That choice must be explicit and consistent across all outputs. Apply T03 expected records and artifact observations; failure or unsupported evidence cannot count as demonstrated.",A;S;I;R;M,docs/acceptance-cases.md#t03,not-demonstrated,not-yet-produced,
R5-020,REQUIREMENTS.md:L353,Missing facts must remain visible.,5. Stage 07 — Publication Validation,normative,U09/U11/U17/U20,authority.py / validate.py,U09/U11/U17/U20 implementation verifier; U20 closure reviewer,T03;T02;T14,"For 5. Stage 07 — Publication Validation, independently check this leaf: Missing facts must remain visible. Apply T03 expected records and artifact observations; failure or unsupported evidence cannot count as demonstrated.",A;S;I;R;M,docs/acceptance-cases.md#t03,not-demonstrated,not-yet-produced,
R5-021,REQUIREMENTS.md:L355,The system must not manufacture evidence or approval in order to complete the package.,5. Stage 07 — Publication Validation,normative,U09/U11/U17/U20,authority.py / validate.py,U09/U11/U17/U20 implementation verifier; U20 closure reviewer,T03;T02;T14,"For 5. Stage 07 — Publication Validation, independently check this leaf: The system must not manufacture evidence or approval in order to complete the package. Apply T03 expected records and artifact observations; failure or unsupported evidence cannot count as demonstrated.",A;S;I;R;M,docs/acceptance-cases.md#t03,not-demonstrated,not-yet-produced,
R6-001,REQUIREMENTS.md:L361,Each project decision must record:,6. Review Evidence and Decision Records,normative,U01/U12/U13/U17,decision log / actions.py / reviews.py / validate.py,U01/U12/U13/U17 implementation verifier; U20 closure reviewer,T32;T12;T13;T27,"For 6. Review Evidence and Decision Records, independently check this leaf: Each project decision must record:. Apply T32 expected records and artifact observations; failure or unsupported evidence cannot count as demonstrated.",A;S;I;R;M,docs/acceptance-cases.md#t32,not-demonstrated,not-yet-produced,
R6-002,REQUIREMENTS.md:L363,concern;,6. Review Evidence and Decision Records / Each project decision must record:,normative,U01/U12/U13/U17,decision log / actions.py / reviews.py / validate.py,U01/U12/U13/U17 implementation verifier; U20 closure reviewer,T32;T12;T13;T27,"For 6. Review Evidence and Decision Records / Each project decision must record:, independently check this leaf: concern. Apply T32 expected records and artifact observations; failure or unsupported evidence cannot count as demonstrated.",A;S;I;R;M,docs/acceptance-cases.md#t32,not-demonstrated,not-yet-produced,
R6-003,REQUIREMENTS.md:L364,options considered;,6. Review Evidence and Decision Records / Each project decision must record:,normative,U01/U12/U13/U17,decision log / actions.py / reviews.py / validate.py,U01/U12/U13/U17 implementation verifier; U20 closure reviewer,T32;T12;T13;T27,"For 6. Review Evidence and Decision Records / Each project decision must record:, independently check this leaf: options considered. Apply T32 expected records and artifact observations; failure or unsupported evidence cannot count as demonstrated.",A;S;I;R;M,docs/acceptance-cases.md#t32,not-demonstrated,not-yet-produced,
R6-004,REQUIREMENTS.md:L365,source basis;,6. Review Evidence and Decision Records / Each project decision must record:,normative,U01/U12/U13/U17,decision log / actions.py / reviews.py / validate.py,U01/U12/U13/U17 implementation verifier; U20 closure reviewer,T32;T12;T13;T27,"For 6. Review Evidence and Decision Records / Each project decision must record:, independently check this leaf: source basis. Apply T32 expected records and artifact observations; failure or unsupported evidence cannot count as demonstrated.",A;S;I;R;M,docs/acceptance-cases.md#t32,not-demonstrated,not-yet-produced,
R6-005,REQUIREMENTS.md:L366,chosen behavior;,6. Review Evidence and Decision Records / Each project decision must record:,normative,U01/U12/U13/U17,decision log / actions.py / reviews.py / validate.py,U01/U12/U13/U17 implementation verifier; U20 closure reviewer,T32;T12;T13;T27,"For 6. Review Evidence and Decision Records / Each project decision must record:, independently check this leaf: chosen behavior. Apply T32 expected records and artifact observations; failure or unsupported evidence cannot count as demonstrated.",A;S;I;R;M,docs/acceptance-cases.md#t32,not-demonstrated,not-yet-produced,
R6-006,REQUIREMENTS.md:L367,rationale;,6. Review Evidence and Decision Records / Each project decision must record:,normative,U01/U12/U13/U17,decision log / actions.py / reviews.py / validate.py,U01/U12/U13/U17 implementation verifier; U20 closure reviewer,T32;T12;T13;T27,"For 6. Review Evidence and Decision Records / Each project decision must record:, independently check this leaf: rationale. Apply T32 expected records and artifact observations; failure or unsupported evidence cannot count as demonstrated.",A;S;I;R;M,docs/acceptance-cases.md#t32,not-demonstrated,not-yet-produced,
R6-007,REQUIREMENTS.md:L368,trade-offs;,6. Review Evidence and Decision Records / Each project decision must record:,normative,U01/U12/U13/U17,decision log / actions.py / reviews.py / validate.py,U01/U12/U13/U17 implementation verifier; U20 closure reviewer,T32;T12;T13;T27,"For 6. Review Evidence and Decision Records / Each project decision must record:, independently check this leaf: trade-offs. Apply T32 expected records and artifact observations; failure or unsupported evidence cannot count as demonstrated.",A;S;I;R;M,docs/acceptance-cases.md#t32,not-demonstrated,not-yet-produced,
R6-008,REQUIREMENTS.md:L369,downstream effect.,6. Review Evidence and Decision Records / Each project decision must record:,normative,U01/U12/U13/U17,decision log / actions.py / reviews.py / validate.py,U01/U12/U13/U17 implementation verifier; U20 closure reviewer,T32;T12;T13;T27,"For 6. Review Evidence and Decision Records / Each project decision must record:, independently check this leaf: downstream effect. Apply T32 expected records and artifact observations; failure or unsupported evidence cannot count as demonstrated.",A;S;I;R;M,docs/acceptance-cases.md#t32,not-demonstrated,not-yet-produced,
R6-009,REQUIREMENTS.md:L371,Review requests must be represented in Stage 06 and reflected in the compliance brief.,6. Review Evidence and Decision Records,normative,U01/U12/U13/U17,decision log / actions.py / reviews.py / validate.py,U01/U12/U13/U17 implementation verifier; U20 closure reviewer,T27;T32;T12;T13,"For 6. Review Evidence and Decision Records, independently check this leaf: Review requests must be represented in Stage 06 and reflected in the compliance brief. Apply T27 expected records and artifact observations; failure or unsupported evidence cannot count as demonstrated.",A;S;I;R;M,docs/acceptance-cases.md#t27,not-demonstrated,not-yet-produced,
R6-010,REQUIREMENTS.md:L373,Each review request must contain:,6. Review Evidence and Decision Records,normative,U01/U12/U13/U17,decision log / actions.py / reviews.py / validate.py,U01/U12/U13/U17 implementation verifier; U20 closure reviewer,T27;T32;T12;T13,"For 6. Review Evidence and Decision Records, independently check this leaf: Each review request must contain:. Apply T27 expected records and artifact observations; failure or unsupported evidence cannot count as demonstrated.",A;S;I;R;M,docs/acceptance-cases.md#t27,not-demonstrated,not-yet-produced,
R6-011,REQUIREMENTS.md:L375,request ID;,6. Review Evidence and Decision Records / Each review request must contain:,normative,U01/U12/U13/U17,decision log / actions.py / reviews.py / validate.py,U01/U12/U13/U17 implementation verifier; U20 closure reviewer,T27;T32;T12;T13,"For 6. Review Evidence and Decision Records / Each review request must contain:, independently check this leaf: request ID. Apply T27 expected records and artifact observations; failure or unsupported evidence cannot count as demonstrated.",A;S;I;R;M,docs/acceptance-cases.md#t27,not-demonstrated,not-yet-produced,
R6-012,REQUIREMENTS.md:L376,"subject system, impact, or action;",6. Review Evidence and Decision Records / Each review request must contain:,normative,U01/U12/U13/U17,decision log / actions.py / reviews.py / validate.py,U01/U12/U13/U17 implementation verifier; U20 closure reviewer,T27;T32;T12;T13,"For 6. Review Evidence and Decision Records / Each review request must contain:, independently check this leaf: subject system, impact, or action. Apply T27 expected records and artifact observations; failure or unsupported evidence cannot count as demonstrated.",A;S;I;R;M,docs/acceptance-cases.md#t27,not-demonstrated,not-yet-produced,
R6-013,REQUIREMENTS.md:L377,run/version information;,6. Review Evidence and Decision Records / Each review request must contain:,normative,U01/U12/U13/U17,decision log / actions.py / reviews.py / validate.py,U01/U12/U13/U17 implementation verifier; U20 closure reviewer,T27;T32;T12;T13,"For 6. Review Evidence and Decision Records / Each review request must contain:, independently check this leaf: run/version information. Apply T27 expected records and artifact observations; failure or unsupported evidence cannot count as demonstrated.",A;S;I;R;M,docs/acceptance-cases.md#t27,not-demonstrated,not-yet-produced,
R6-014,REQUIREMENTS.md:L378,source version;,6. Review Evidence and Decision Records / Each review request must contain:,normative,U01/U12/U13/U17,decision log / actions.py / reviews.py / validate.py,U01/U12/U13/U17 implementation verifier; U20 closure reviewer,T27;T32;T12;T13,"For 6. Review Evidence and Decision Records / Each review request must contain:, independently check this leaf: source version. Apply T27 expected records and artifact observations; failure or unsupported evidence cannot count as demonstrated.",A;S;I;R;M,docs/acceptance-cases.md#t27,not-demonstrated,not-yet-produced,
R6-015,REQUIREMENTS.md:L379,evidence;,6. Review Evidence and Decision Records / Each review request must contain:,normative,U01/U12/U13/U17,decision log / actions.py / reviews.py / validate.py,U01/U12/U13/U17 implementation verifier; U20 closure reviewer,T27;T32;T12;T13,"For 6. Review Evidence and Decision Records / Each review request must contain:, independently check this leaf: evidence. Apply T27 expected records and artifact observations; failure or unsupported evidence cannot count as demonstrated.",A;S;I;R;M,docs/acceptance-cases.md#t27,not-demonstrated,not-yet-produced,
R6-016,REQUIREMENTS.md:L380,question;,6. Review Evidence and Decision Records / Each review request must contain:,normative,U01/U12/U13/U17,decision log / actions.py / reviews.py / validate.py,U01/U12/U13/U17 implementation verifier; U20 closure reviewer,T27;T32;T12;T13,"For 6. Review Evidence and Decision Records / Each review request must contain:, independently check this leaf: question. Apply T27 expected records and artifact observations; failure or unsupported evidence cannot count as demonstrated.",A;S;I;R;M,docs/acceptance-cases.md#t27,not-demonstrated,not-yet-produced,
R6-017,REQUIREMENTS.md:L381,required reviewer.,6. Review Evidence and Decision Records / Each review request must contain:,normative,U01/U12/U13/U17,decision log / actions.py / reviews.py / validate.py,U01/U12/U13/U17 implementation verifier; U20 closure reviewer,T27;T32;T12;T13,"For 6. Review Evidence and Decision Records / Each review request must contain:, independently check this leaf: required reviewer. Apply T27 expected records and artifact observations; failure or unsupported evidence cannot count as demonstrated.",A;S;I;R;M,docs/acceptance-cases.md#t27,not-demonstrated,not-yet-produced,
R6-018,REQUIREMENTS.md:L383,Stage 07 must bind each request to the exact reviewed final draft using:,6. Review Evidence and Decision Records,normative,U01/U12/U13/U17,decision log / actions.py / reviews.py / validate.py,U01/U12/U13/U17 implementation verifier; U20 closure reviewer,T27;T32;T12;T13,"For 6. Review Evidence and Decision Records, independently check this leaf: Stage 07 must bind each request to the exact reviewed final draft using:. Apply T27 expected records and artifact observations; failure or unsupported evidence cannot count as demonstrated.",A;S;I;R;M,docs/acceptance-cases.md#t27,not-demonstrated,not-yet-produced,
R6-019,REQUIREMENTS.md:L385,final artifact path;,6. Review Evidence and Decision Records / Stage 07 must bind each request to the exact reviewed final draft using:,normative,U01/U12/U13/U17,decision log / actions.py / reviews.py / validate.py,U01/U12/U13/U17 implementation verifier; U20 closure reviewer,T27;T32;T12;T13,"For 6. Review Evidence and Decision Records / Stage 07 must bind each request to the exact reviewed final draft using:, independently check this leaf: final artifact path. Apply T27 expected records and artifact observations; failure or unsupported evidence cannot count as demonstrated.",A;S;I;R;M,docs/acceptance-cases.md#t27,not-demonstrated,not-yet-produced,
R6-020,REQUIREMENTS.md:L386,exact artifact hash.,6. Review Evidence and Decision Records / Stage 07 must bind each request to the exact reviewed final draft using:,normative,U01/U12/U13/U17,decision log / actions.py / reviews.py / validate.py,U01/U12/U13/U17 implementation verifier; U20 closure reviewer,T27;T32;T12;T13,"For 6. Review Evidence and Decision Records / Stage 07 must bind each request to the exact reviewed final draft using:, independently check this leaf: exact artifact hash. Apply T27 expected records and artifact observations; failure or unsupported evidence cannot count as demonstrated.",A;S;I;R;M,docs/acceptance-cases.md#t27,not-demonstrated,not-yet-produced,
R6-021,REQUIREMENTS.md:L388,The compliance brief should refer to this detached binding rather than embedding the brief's own hash inside itself.,6. Review Evidence and Decision Records,normative,U01/U12/U13/U17,decision log / actions.py / reviews.py / validate.py,U01/U12/U13/U17 implementation verifier; U20 closure reviewer,T27;T32;T12;T13,"For 6. Review Evidence and Decision Records, independently check this leaf: The compliance brief should refer to this detached binding rather than embedding the brief's own hash inside itself. Apply T27 expected records and artifact observations; failure or unsupported evidence cannot count as demonstrated.",A;S;I;R;M,docs/acceptance-cases.md#t27,not-demonstrated,not-yet-produced,
R6-022,REQUIREMENTS.md:L390,"If actual reviewer feedback is available, retain:",6. Review Evidence and Decision Records,normative,U01/U12/U13/U17,decision log / actions.py / reviews.py / validate.py,U01/U12/U13/U17 implementation verifier; U20 closure reviewer,T12;T32;T13;T27,"For 6. Review Evidence and Decision Records, independently check this leaf: If actual reviewer feedback is available, retain:. Apply T12 expected records and artifact observations; failure or unsupported evidence cannot count as demonstrated.",A;S;I;R;M,docs/acceptance-cases.md#t12,not-demonstrated,not-yet-produced,
R6-023,REQUIREMENTS.md:L392,responder identity;,"6. Review Evidence and Decision Records / If actual reviewer feedback is available, retain:",normative,U01/U12/U13/U17,decision log / actions.py / reviews.py / validate.py,U01/U12/U13/U17 implementation verifier; U20 closure reviewer,T12;T32;T13;T27,"For 6. Review Evidence and Decision Records / If actual reviewer feedback is available, retain:, independently check this leaf: responder identity. Apply T12 expected records and artifact observations; failure or unsupported evidence cannot count as demonstrated.",A;S;I;R;M,docs/acceptance-cases.md#t12,not-demonstrated,not-yet-produced,
R6-024,REQUIREMENTS.md:L393,responder role;,"6. Review Evidence and Decision Records / If actual reviewer feedback is available, retain:",normative,U01/U12/U13/U17,decision log / actions.py / reviews.py / validate.py,U01/U12/U13/U17 implementation verifier; U20 closure reviewer,T12;T32;T13;T27,"For 6. Review Evidence and Decision Records / If actual reviewer feedback is available, retain:, independently check this leaf: responder role. Apply T12 expected records and artifact observations; failure or unsupported evidence cannot count as demonstrated.",A;S;I;R;M,docs/acceptance-cases.md#t12,not-demonstrated,not-yet-produced,
R6-025,REQUIREMENTS.md:L394,subject;,"6. Review Evidence and Decision Records / If actual reviewer feedback is available, retain:",normative,U01/U12/U13/U17,decision log / actions.py / reviews.py / validate.py,U01/U12/U13/U17 implementation verifier; U20 closure reviewer,T12;T32;T13;T27,"For 6. Review Evidence and Decision Records / If actual reviewer feedback is available, retain:, independently check this leaf: subject. Apply T12 expected records and artifact observations; failure or unsupported evidence cannot count as demonstrated.",A;S;I;R;M,docs/acceptance-cases.md#t12,not-demonstrated,not-yet-produced,
R6-026,REQUIREMENTS.md:L395,request ID;,"6. Review Evidence and Decision Records / If actual reviewer feedback is available, retain:",normative,U01/U12/U13/U17,decision log / actions.py / reviews.py / validate.py,U01/U12/U13/U17 implementation verifier; U20 closure reviewer,T12;T32;T13;T27,"For 6. Review Evidence and Decision Records / If actual reviewer feedback is available, retain:, independently check this leaf: request ID. Apply T12 expected records and artifact observations; failure or unsupported evidence cannot count as demonstrated.",A;S;I;R;M,docs/acceptance-cases.md#t12,not-demonstrated,not-yet-produced,
R6-027,REQUIREMENTS.md:L396,version;,"6. Review Evidence and Decision Records / If actual reviewer feedback is available, retain:",normative,U01/U12/U13/U17,decision log / actions.py / reviews.py / validate.py,U01/U12/U13/U17 implementation verifier; U20 closure reviewer,T12;T32;T13;T27,"For 6. Review Evidence and Decision Records / If actual reviewer feedback is available, retain:, independently check this leaf: version. Apply T12 expected records and artifact observations; failure or unsupported evidence cannot count as demonstrated.",A;S;I;R;M,docs/acceptance-cases.md#t12,not-demonstrated,not-yet-produced,
R6-028,REQUIREMENTS.md:L397,response time;,"6. Review Evidence and Decision Records / If actual reviewer feedback is available, retain:",normative,U01/U12/U13/U17,decision log / actions.py / reviews.py / validate.py,U01/U12/U13/U17 implementation verifier; U20 closure reviewer,T12;T32;T13;T27,"For 6. Review Evidence and Decision Records / If actual reviewer feedback is available, retain:, independently check this leaf: response time. Apply T12 expected records and artifact observations; failure or unsupported evidence cannot count as demonstrated.",A;S;I;R;M,docs/acceptance-cases.md#t12,not-demonstrated,not-yet-produced,
R6-029,REQUIREMENTS.md:L398,outcome;,"6. Review Evidence and Decision Records / If actual reviewer feedback is available, retain:",normative,U01/U12/U13/U17,decision log / actions.py / reviews.py / validate.py,U01/U12/U13/U17 implementation verifier; U20 closure reviewer,T12;T32;T13;T27,"For 6. Review Evidence and Decision Records / If actual reviewer feedback is available, retain:, independently check this leaf: outcome. Apply T12 expected records and artifact observations; failure or unsupported evidence cannot count as demonstrated.",A;S;I;R;M,docs/acceptance-cases.md#t12,not-demonstrated,not-yet-produced,
R6-030,REQUIREMENTS.md:L399,reasons and/or conditions.,"6. Review Evidence and Decision Records / If actual reviewer feedback is available, retain:",normative,U01/U12/U13/U17,decision log / actions.py / reviews.py / validate.py,U01/U12/U13/U17 implementation verifier; U20 closure reviewer,T12;T32;T13;T27,"For 6. Review Evidence and Decision Records / If actual reviewer feedback is available, retain:, independently check this leaf: reasons and/or conditions. Apply T12 expected records and artifact observations; failure or unsupported evidence cannot count as demonstrated.",A;S;I;R;M,docs/acceptance-cases.md#t12,not-demonstrated,not-yet-produced,
R6-031,REQUIREMENTS.md:L401,"Before applying reviewer feedback, validate that it matches the intended request and version.",6. Review Evidence and Decision Records,normative,U01/U12/U13/U17,decision log / actions.py / reviews.py / validate.py,U01/U12/U13/U17 implementation verifier; U20 closure reviewer,T12;T32;T13;T27,"For 6. Review Evidence and Decision Records, independently check this leaf: Before applying reviewer feedback, validate that it matches the intended request and version. Apply T12 expected records and artifact observations; failure or unsupported evidence cannot count as demonstrated.",A;S;I;R;M,docs/acceptance-cases.md#t12,not-demonstrated,not-yet-produced,
R6-032,REQUIREMENTS.md:L403,Unmatched or invalid feedback must remain unresolved.,6. Review Evidence and Decision Records,normative,U01/U12/U13/U17,decision log / actions.py / reviews.py / validate.py,U01/U12/U13/U17 implementation verifier; U20 closure reviewer,T12;T32;T13;T27,"For 6. Review Evidence and Decision Records, independently check this leaf: Unmatched or invalid feedback must remain unresolved. Apply T12 expected records and artifact observations; failure or unsupported evidence cannot count as demonstrated.",A;S;I;R;M,docs/acceptance-cases.md#t12,not-demonstrated,not-yet-produced,
R6-033,REQUIREMENTS.md:L405,The system must not:,6. Review Evidence and Decision Records,normative,U01/U12/U13/U17,decision log / actions.py / reviews.py / validate.py,U01/U12/U13/U17 implementation verifier; U20 closure reviewer,T12;T32;T13;T27,"For 6. Review Evidence and Decision Records, independently check this leaf: The system must not:. Apply T12 expected records and artifact observations; failure or unsupported evidence cannot count as demonstrated.",A;S;I;R;M,docs/acceptance-cases.md#t12,not-demonstrated,not-yet-produced,
R6-034,REQUIREMENTS.md:L407,simulate reviewer responses;,6. Review Evidence and Decision Records / The system must not:,normative,U01/U12/U13/U17,decision log / actions.py / reviews.py / validate.py,U01/U12/U13/U17 implementation verifier; U20 closure reviewer,T27;T32;T12;T13,"For 6. Review Evidence and Decision Records / The system must not:, independently check this leaf: simulate reviewer responses. Apply T27 expected records and artifact observations; failure or unsupported evidence cannot count as demonstrated.",A;S;I;R;M,docs/acceptance-cases.md#t27,not-demonstrated,not-yet-produced,
R6-035,REQUIREMENTS.md:L408,claim that an unsent request reached a reviewer.,6. Review Evidence and Decision Records / The system must not:,normative,U01/U12/U13/U17,decision log / actions.py / reviews.py / validate.py,U01/U12/U13/U17 implementation verifier; U20 closure reviewer,T27;T32;T12;T13,"For 6. Review Evidence and Decision Records / The system must not:, independently check this leaf: claim that an unsent request reached a reviewer. Apply T27 expected records and artifact observations; failure or unsupported evidence cannot count as demonstrated.",A;S;I;R;M,docs/acceptance-cases.md#t27,not-demonstrated,not-yet-produced,
R6-036,REQUIREMENTS.md:L410,"The endpoint is a **review-ready draft**, not an automatically approved compliance package.",6. Review Evidence and Decision Records,normative,U01/U12/U13/U17,decision log / actions.py / reviews.py / validate.py,U01/U12/U13/U17 implementation verifier; U20 closure reviewer,T27;T32;T12;T13,"For 6. Review Evidence and Decision Records, independently check this leaf: The endpoint is a **review-ready draft**, not an automatically approved compliance package. Apply T27 expected records and artifact observations; failure or unsupported evidence cannot count as demonstrated.",A;S;I;R;M,docs/acceptance-cases.md#t27,not-demonstrated,not-yet-produced,
R7-001,REQUIREMENTS.md:L416,The system must tolerate:,7. Changed Inputs and Input Compatibility,normative,U06/U09/U18,normalize.py / authority.py / history.py,U06/U09/U18 implementation verifier; U20 closure reviewer,T07;T08;T09,"For 7. Changed Inputs and Input Compatibility, independently check this leaf: The system must tolerate:. Apply T07 expected records and artifact observations; failure or unsupported evidence cannot count as demonstrated.",A;S;I;R;M,docs/acceptance-cases.md#t07,not-demonstrated,not-yet-produced,
R7-002,REQUIREMENTS.md:L418,reordered source rows;,7. Changed Inputs and Input Compatibility / The system must tolerate:,normative,U06/U09/U18,normalize.py / authority.py / history.py,U06/U09/U18 implementation verifier; U20 closure reviewer,T07;T08;T09,"For 7. Changed Inputs and Input Compatibility / The system must tolerate:, independently check this leaf: reordered source rows. Apply T07 expected records and artifact observations; failure or unsupported evidence cannot count as demonstrated.",A;S;I;R;M,docs/acceptance-cases.md#t07,not-demonstrated,not-yet-produced,
R7-003,REQUIREMENTS.md:L419,reordered headers;,7. Changed Inputs and Input Compatibility / The system must tolerate:,normative,U06/U09/U18,normalize.py / authority.py / history.py,U06/U09/U18 implementation verifier; U20 closure reviewer,T07;T08;T09,"For 7. Changed Inputs and Input Compatibility / The system must tolerate:, independently check this leaf: reordered headers. Apply T07 expected records and artifact observations; failure or unsupported evidence cannot count as demonstrated.",A;S;I;R;M,docs/acceptance-cases.md#t07,not-demonstrated,not-yet-produced,
R7-004,REQUIREMENTS.md:L420,unrelated extra columns;,7. Changed Inputs and Input Compatibility / The system must tolerate:,normative,U06/U09/U18,normalize.py / authority.py / history.py,U06/U09/U18 implementation verifier; U20 closure reviewer,T07;T08;T09,"For 7. Changed Inputs and Input Compatibility / The system must tolerate:, independently check this leaf: unrelated extra columns. Apply T07 expected records and artifact observations; failure or unsupported evidence cannot count as demonstrated.",A;S;I;R;M,docs/acceptance-cases.md#t07,not-demonstrated,not-yet-produced,
R7-005,REQUIREMENTS.md:L421,legitimate newer dates;,7. Changed Inputs and Input Compatibility / The system must tolerate:,normative,U06/U09/U18,normalize.py / authority.py / history.py,U06/U09/U18 implementation verifier; U20 closure reviewer,T09;T07;T08,"For 7. Changed Inputs and Input Compatibility / The system must tolerate:, independently check this leaf: legitimate newer dates. Apply T09 expected records and artifact observations; failure or unsupported evidence cannot count as demonstrated.",A;S;I;R;M,docs/acceptance-cases.md#t09,not-demonstrated,not-yet-produced,
R7-006,REQUIREMENTS.md:L422,legitimate newer versions.,7. Changed Inputs and Input Compatibility / The system must tolerate:,normative,U06/U09/U18,normalize.py / authority.py / history.py,U06/U09/U18 implementation verifier; U20 closure reviewer,T09;T07;T08,"For 7. Changed Inputs and Input Compatibility / The system must tolerate:, independently check this leaf: legitimate newer versions. Apply T09 expected records and artifact observations; failure or unsupported evidence cannot count as demonstrated.",A;S;I;R;M,docs/acceptance-cases.md#t09,not-demonstrated,not-yet-produced,
R7-007,REQUIREMENTS.md:L424,It must preserve:,7. Changed Inputs and Input Compatibility,normative,U06/U09/U18,normalize.py / authority.py / history.py,U06/U09/U18 implementation verifier; U20 closure reviewer,T07;T08;T09,"For 7. Changed Inputs and Input Compatibility, independently check this leaf: It must preserve:. Apply T07 expected records and artifact observations; failure or unsupported evidence cannot count as demonstrated.",A;S;I;R;M,docs/acceptance-cases.md#t07,not-demonstrated,not-yet-produced,
R7-008,REQUIREMENTS.md:L426,required fields;,7. Changed Inputs and Input Compatibility / It must preserve:,normative,U06/U09/U18,normalize.py / authority.py / history.py,U06/U09/U18 implementation verifier; U20 closure reviewer,T07;T08;T09,"For 7. Changed Inputs and Input Compatibility / It must preserve:, independently check this leaf: required fields. Apply T07 expected records and artifact observations; failure or unsupported evidence cannot count as demonstrated.",A;S;I;R;M,docs/acceptance-cases.md#t07,not-demonstrated,not-yet-produced,
R7-009,REQUIREMENTS.md:L427,stable IDs;,7. Changed Inputs and Input Compatibility / It must preserve:,normative,U06/U09/U18,normalize.py / authority.py / history.py,U06/U09/U18 implementation verifier; U20 closure reviewer,T07;T08;T09,"For 7. Changed Inputs and Input Compatibility / It must preserve:, independently check this leaf: stable IDs. Apply T07 expected records and artifact observations; failure or unsupported evidence cannot count as demonstrated.",A;S;I;R;M,docs/acceptance-cases.md#t07,not-demonstrated,not-yet-produced,
R7-010,REQUIREMENTS.md:L428,disclosed field meanings.,7. Changed Inputs and Input Compatibility / It must preserve:,normative,U06/U09/U18,normalize.py / authority.py / history.py,U06/U09/U18 implementation verifier; U20 closure reviewer,T07;T08;T09,"For 7. Changed Inputs and Input Compatibility / It must preserve:, independently check this leaf: disclosed field meanings. Apply T07 expected records and artifact observations; failure or unsupported evidence cannot count as demonstrated.",A;S;I;R;M,docs/acceptance-cases.md#t07,not-demonstrated,not-yet-produced,
R7-011,REQUIREMENTS.md:L430,"The system must report, rather than guess:",7. Changed Inputs and Input Compatibility,normative,U06/U09/U18,normalize.py / authority.py / history.py,U06/U09/U18 implementation verifier; U20 closure reviewer,T07;T08;T09,"For 7. Changed Inputs and Input Compatibility, independently check this leaf: The system must report, rather than guess:. Apply T07 expected records and artifact observations; failure or unsupported evidence cannot count as demonstrated.",A;S;I;R;M,docs/acceptance-cases.md#t07,not-demonstrated,not-yet-produced,
R7-012,REQUIREMENTS.md:L432,missing required fields;,"7. Changed Inputs and Input Compatibility / The system must report, rather than guess:",normative,U06/U09/U18,normalize.py / authority.py / history.py,U06/U09/U18 implementation verifier; U20 closure reviewer,T08;T07;T09,"For 7. Changed Inputs and Input Compatibility / The system must report, rather than guess:, independently check this leaf: missing required fields. Apply T08 expected records and artifact observations; failure or unsupported evidence cannot count as demonstrated.",A;S;I;R;M,docs/acceptance-cases.md#t08,not-demonstrated,not-yet-produced,
R7-013,REQUIREMENTS.md:L433,ambiguous required fields;,"7. Changed Inputs and Input Compatibility / The system must report, rather than guess:",normative,U06/U09/U18,normalize.py / authority.py / history.py,U06/U09/U18 implementation verifier; U20 closure reviewer,T08;T07;T09,"For 7. Changed Inputs and Input Compatibility / The system must report, rather than guess:, independently check this leaf: ambiguous required fields. Apply T08 expected records and artifact observations; failure or unsupported evidence cannot count as demonstrated.",A;S;I;R;M,docs/acceptance-cases.md#t08,not-demonstrated,not-yet-produced,
R7-014,REQUIREMENTS.md:L434,conflicting identities;,"7. Changed Inputs and Input Compatibility / The system must report, rather than guess:",normative,U06/U09/U18,normalize.py / authority.py / history.py,U06/U09/U18 implementation verifier; U20 closure reviewer,T08;T07;T09,"For 7. Changed Inputs and Input Compatibility / The system must report, rather than guess:, independently check this leaf: conflicting identities. Apply T08 expected records and artifact observations; failure or unsupported evidence cannot count as demonstrated.",A;S;I;R;M,docs/acceptance-cases.md#t08,not-demonstrated,not-yet-produced,
R7-015,REQUIREMENTS.md:L435,invalid values;,"7. Changed Inputs and Input Compatibility / The system must report, rather than guess:",normative,U06/U09/U18,normalize.py / authority.py / history.py,U06/U09/U18 implementation verifier; U20 closure reviewer,T08;T07;T09,"For 7. Changed Inputs and Input Compatibility / The system must report, rather than guess:, independently check this leaf: invalid values. Apply T08 expected records and artifact observations; failure or unsupported evidence cannot count as demonstrated.",A;S;I;R;M,docs/acceptance-cases.md#t08,not-demonstrated,not-yet-produced,
R7-016,REQUIREMENTS.md:L436,unsuitable responses;,"7. Changed Inputs and Input Compatibility / The system must report, rather than guess:",normative,U06/U09/U18,normalize.py / authority.py / history.py,U06/U09/U18 implementation verifier; U20 closure reviewer,T08;T07;T09,"For 7. Changed Inputs and Input Compatibility / The system must report, rather than guess:, independently check this leaf: unsuitable responses. Apply T08 expected records and artifact observations; failure or unsupported evidence cannot count as demonstrated.",A;S;I;R;M,docs/acceptance-cases.md#t08,not-demonstrated,not-yet-produced,
R7-017,REQUIREMENTS.md:L437,renamed fields whose meaning is not established;,"7. Changed Inputs and Input Compatibility / The system must report, rather than guess:",normative,U06/U09/U18,normalize.py / authority.py / history.py,U06/U09/U18 implementation verifier; U20 closure reviewer,T08;T07;T09,"For 7. Changed Inputs and Input Compatibility / The system must report, rather than guess:, independently check this leaf: renamed fields whose meaning is not established. Apply T08 expected records and artifact observations; failure or unsupported evidence cannot count as demonstrated.",A;S;I;R;M,docs/acceptance-cases.md#t08,not-demonstrated,not-yet-produced,
R7-018,REQUIREMENTS.md:L438,changed business meanings.,"7. Changed Inputs and Input Compatibility / The system must report, rather than guess:",normative,U06/U09/U18,normalize.py / authority.py / history.py,U06/U09/U18 implementation verifier; U20 closure reviewer,T08;T07;T09,"For 7. Changed Inputs and Input Compatibility / The system must report, rather than guess:, independently check this leaf: changed business meanings. Apply T08 expected records and artifact observations; failure or unsupported evidence cannot count as demonstrated.",A;S;I;R;M,docs/acceptance-cases.md#t08,not-demonstrated,not-yet-produced,
R7-019,REQUIREMENTS.md:L440,Format compatibility does not establish legal applicability.,7. Changed Inputs and Input Compatibility,normative,U06/U09/U18,normalize.py / authority.py / history.py,U06/U09/U18 implementation verifier; U20 closure reviewer,T08;T07;T09,"For 7. Changed Inputs and Input Compatibility, independently check this leaf: Format compatibility does not establish legal applicability. Apply T08 expected records and artifact observations; failure or unsupported evidence cannot count as demonstrated.",A;S;I;R;M,docs/acceptance-cases.md#t08,not-demonstrated,not-yet-produced,
R7-020,REQUIREMENTS.md:L442,A newer source date or version does not change the assigned review date.,7. Changed Inputs and Input Compatibility,normative,U06/U09/U18,normalize.py / authority.py / history.py,U06/U09/U18 implementation verifier; U20 closure reviewer,T08;T07;T09,"For 7. Changed Inputs and Input Compatibility, independently check this leaf: A newer source date or version does not change the assigned review date. Apply T08 expected records and artifact observations; failure or unsupported evidence cannot count as demonstrated.",A;S;I;R;M,docs/acceptance-cases.md#t08,not-demonstrated,not-yet-produced,
R8-001,REQUIREMENTS.md:L448,"Before replacing current outputs, preserve the previous available run under:",8. Run History,normative,U07/U18,runner.py / history.py,U07/U18 implementation verifier; U20 closure reviewer,T16;T17,"For 8. Run History, independently check this leaf: Before replacing current outputs, preserve the previous available run under:. Apply T16 expected records and artifact observations; failure or unsupported evidence cannot count as demonstrated.",A;S;I;R;M,docs/acceptance-cases.md#t16,not-demonstrated,not-yet-produced,
R8-002,REQUIREMENTS.md:L450,`deliverables/history/<old-run-id>/`,"8. Run History / Before replacing current outputs, preserve the previous available run under:",normative,U07/U18,runner.py / history.py,U07/U18 implementation verifier; U20 closure reviewer,T16;T17,"For 8. Run History / Before replacing current outputs, preserve the previous available run under:, independently check this leaf: `deliverables/history/<old-run-id>/`. Apply T16 expected records and artifact observations; failure or unsupported evidence cannot count as demonstrated.",A;S;I;R;M,docs/acceptance-cases.md#t16,not-demonstrated,not-yet-produced,
R8-003,REQUIREMENTS.md:L452,The preserved history must include the previous available:,8. Run History,normative,U07/U18,runner.py / history.py,U07/U18 implementation verifier; U20 closure reviewer,T16;T17,"For 8. Run History, independently check this leaf: The preserved history must include the previous available:. Apply T16 expected records and artifact observations; failure or unsupported evidence cannot count as demonstrated.",A;S;I;R;M,docs/acceptance-cases.md#t16,not-demonstrated,not-yet-produced,
R8-004,REQUIREMENTS.md:L454,source captures;,8. Run History / The preserved history must include the previous available:,normative,U07/U18,runner.py / history.py,U07/U18 implementation verifier; U20 closure reviewer,T16;T17,"For 8. Run History / The preserved history must include the previous available:, independently check this leaf: source captures. Apply T16 expected records and artifact observations; failure or unsupported evidence cannot count as demonstrated.",A;S;I;R;M,docs/acceptance-cases.md#t16,not-demonstrated,not-yet-produced,
R8-005,REQUIREMENTS.md:L455,snapshots;,8. Run History / The preserved history must include the previous available:,normative,U07/U18,runner.py / history.py,U07/U18 implementation verifier; U20 closure reviewer,T16;T17,"For 8. Run History / The preserved history must include the previous available:, independently check this leaf: snapshots. Apply T16 expected records and artifact observations; failure or unsupported evidence cannot count as demonstrated.",A;S;I;R;M,docs/acceptance-cases.md#t16,not-demonstrated,not-yet-produced,
R8-006,REQUIREMENTS.md:L456,final draft artifacts.,8. Run History / The preserved history must include the previous available:,normative,U07/U18,runner.py / history.py,U07/U18 implementation verifier; U20 closure reviewer,T16;T17,"For 8. Run History / The preserved history must include the previous available:, independently check this leaf: final draft artifacts. Apply T16 expected records and artifact observations; failure or unsupported evidence cannot count as demonstrated.",A;S;I;R;M,docs/acceptance-cases.md#t16,not-demonstrated,not-yet-produced,
R8-007,REQUIREMENTS.md:L458,Every retry must use:,8. Run History,normative,U07/U18,runner.py / history.py,U07/U18 implementation verifier; U20 closure reviewer,T16;T17,"For 8. Run History, independently check this leaf: Every retry must use:. Apply T16 expected records and artifact observations; failure or unsupported evidence cannot count as demonstrated.",A;S;I;R;M,docs/acceptance-cases.md#t16,not-demonstrated,not-yet-produced,
R8-008,REQUIREMENTS.md:L460,a new run ID;,8. Run History / Every retry must use:,normative,U07/U18,runner.py / history.py,U07/U18 implementation verifier; U20 closure reviewer,T16;T17,"For 8. Run History / Every retry must use:, independently check this leaf: a new run ID. Apply T16 expected records and artifact observations; failure or unsupported evidence cannot count as demonstrated.",A;S;I;R;M,docs/acceptance-cases.md#t16,not-demonstrated,not-yet-produced,
R8-009,REQUIREMENTS.md:L461,new snapshot IDs.,8. Run History / Every retry must use:,normative,U07/U18,runner.py / history.py,U07/U18 implementation verifier; U20 closure reviewer,T16;T17,"For 8. Run History / Every retry must use:, independently check this leaf: new snapshot IDs. Apply T16 expected records and artifact observations; failure or unsupported evidence cannot count as demonstrated.",A;S;I;R;M,docs/acceptance-cases.md#t16,not-demonstrated,not-yet-produced,
R8-010,REQUIREMENTS.md:L463,Stage 01 must record:,8. Run History,normative,U07/U18,runner.py / history.py,U07/U18 implementation verifier; U20 closure reviewer,T16;T17,"For 8. Run History, independently check this leaf: Stage 01 must record:. Apply T16 expected records and artifact observations; failure or unsupported evidence cannot count as demonstrated.",A;S;I;R;M,docs/acceptance-cases.md#t16,not-demonstrated,not-yet-produced,
R8-011,REQUIREMENTS.md:L465,`supersedes_run_id`;,8. Run History / Stage 01 must record:,normative,U07/U18,runner.py / history.py,U07/U18 implementation verifier; U20 closure reviewer,T16;T17,"For 8. Run History / Stage 01 must record:, independently check this leaf: `supersedes_run_id`. Apply T16 expected records and artifact observations; failure or unsupported evidence cannot count as demonstrated.",A;S;I;R;M,docs/acceptance-cases.md#t16,not-demonstrated,not-yet-produced,
R8-012,REQUIREMENTS.md:L466,change or retry reason.,8. Run History / Stage 01 must record:,normative,U07/U18,runner.py / history.py,U07/U18 implementation verifier; U20 closure reviewer,T16;T17,"For 8. Run History / Stage 01 must record:, independently check this leaf: change or retry reason. Apply T16 expected records and artifact observations; failure or unsupported evidence cannot count as demonstrated.",A;S;I;R;M,docs/acceptance-cases.md#t16,not-demonstrated,not-yet-produced,
R8-013,REQUIREMENTS.md:L468,`supersedes_run_id` may be null or absent on the first run.,8. Run History,normative,U07/U18,runner.py / history.py,U07/U18 implementation verifier; U20 closure reviewer,T16;T17,"For 8. Run History, independently check this leaf: `supersedes_run_id` may be null or absent on the first run. Apply T16 expected records and artifact observations; failure or unsupported evidence cannot count as demonstrated.",A;S;I;R;M,docs/acceptance-cases.md#t16,not-demonstrated,not-yet-produced,
R8-014,REQUIREMENTS.md:L470,Version relationships between runs must remain explicit.,8. Run History,normative,U07/U18,runner.py / history.py,U07/U18 implementation verifier; U20 closure reviewer,T16;T17,"For 8. Run History, independently check this leaf: Version relationships between runs must remain explicit. Apply T16 expected records and artifact observations; failure or unsupported evidence cannot count as demonstrated.",A;S;I;R;M,docs/acceptance-cases.md#t16,not-demonstrated,not-yet-produced,
R8-015,REQUIREMENTS.md:L472,Snapshot predecessor relationships must remain within a single run.,8. Run History,normative,U07/U18,runner.py / history.py,U07/U18 implementation verifier; U20 closure reviewer,T16;T17,"For 8. Run History, independently check this leaf: Snapshot predecessor relationships must remain within a single run. Apply T16 expected records and artifact observations; failure or unsupported evidence cannot count as demonstrated.",A;S;I;R;M,docs/acceptance-cases.md#t16,not-demonstrated,not-yet-produced,
R8-016,REQUIREMENTS.md:L474,Only history that actually exists may be preserved.,8. Run History,normative,U07/U18,runner.py / history.py,U07/U18 implementation verifier; U20 closure reviewer,T17;T16,"For 8. Run History, independently check this leaf: Only history that actually exists may be preserved. Apply T17 expected records and artifact observations; failure or unsupported evidence cannot count as demonstrated.",A;S;I;R;M,docs/acceptance-cases.md#t17,not-demonstrated,not-yet-produced,
R8-017,REQUIREMENTS.md:L476,Missing or corrupt prior evidence must be recorded honestly.,8. Run History,normative,U07/U18,runner.py / history.py,U07/U18 implementation verifier; U20 closure reviewer,T17;T16,"For 8. Run History, independently check this leaf: Missing or corrupt prior evidence must be recorded honestly. Apply T17 expected records and artifact observations; failure or unsupported evidence cannot count as demonstrated.",A;S;I;R;M,docs/acceptance-cases.md#t17,not-demonstrated,not-yet-produced,
R9-001,REQUIREMENTS.md:L482,When an input changes:,9. Recalculation and Recovery,normative,U17/U18/U20,validate.py / recovery.py / history.py,U17/U18/U20 implementation verifier; U20 closure reviewer,T15;T17;T30,"For 9. Recalculation and Recovery, independently check this leaf: When an input changes:. Apply T15 expected records and artifact observations; failure or unsupported evidence cannot count as demonstrated.",A;S;I;R;M,docs/acceptance-cases.md#t15,not-demonstrated,not-yet-produced,
R9-002,REQUIREMENTS.md:L484,identify the earliest stage whose basis changed;,9. Recalculation and Recovery / When an input changes:,normative,U17/U18/U20,validate.py / recovery.py / history.py,U17/U18/U20 implementation verifier; U20 closure reviewer,T30;T15;T17,"For 9. Recalculation and Recovery / When an input changes:, independently check this leaf: identify the earliest stage whose basis changed. Apply T30 expected records and artifact observations; failure or unsupported evidence cannot count as demonstrated.",A;S;I;R;M,docs/acceptance-cases.md#t30,not-demonstrated,not-yet-produced,
R9-003,REQUIREMENTS.md:L485,recompute that stage;,9. Recalculation and Recovery / When an input changes:,normative,U17/U18/U20,validate.py / recovery.py / history.py,U17/U18/U20 implementation verifier; U20 closure reviewer,T30;T15;T17,"For 9. Recalculation and Recovery / When an input changes:, independently check this leaf: recompute that stage. Apply T30 expected records and artifact observations; failure or unsupported evidence cannot count as demonstrated.",A;S;I;R;M,docs/acceptance-cases.md#t30,not-demonstrated,not-yet-produced,
R9-004,REQUIREMENTS.md:L486,recompute all dependent downstream stages;,9. Recalculation and Recovery / When an input changes:,normative,U17/U18/U20,validate.py / recovery.py / history.py,U17/U18/U20 implementation verifier; U20 closure reviewer,T30;T15;T17,"For 9. Recalculation and Recovery / When an input changes:, independently check this leaf: recompute all dependent downstream stages. Apply T30 expected records and artifact observations; failure or unsupported evidence cannot count as demonstrated.",A;S;I;R;M,docs/acceptance-cases.md#t30,not-demonstrated,not-yet-produced,
R9-005,REQUIREMENTS.md:L487,regenerate affected final artifacts;,9. Recalculation and Recovery / When an input changes:,normative,U17/U18/U20,validate.py / recovery.py / history.py,U17/U18/U20 implementation verifier; U20 closure reviewer,T30;T15;T17,"For 9. Recalculation and Recovery / When an input changes:, independently check this leaf: regenerate affected final artifacts. Apply T30 expected records and artifact observations; failure or unsupported evidence cannot count as demonstrated.",A;S;I;R;M,docs/acceptance-cases.md#t30,not-demonstrated,not-yet-produced,
R9-006,REQUIREMENTS.md:L488,revalidate the resulting package.,9. Recalculation and Recovery / When an input changes:,normative,U17/U18/U20,validate.py / recovery.py / history.py,U17/U18/U20 implementation verifier; U20 closure reviewer,T30;T15;T17,"For 9. Recalculation and Recovery / When an input changes:, independently check this leaf: revalidate the resulting package. Apply T30 expected records and artifact observations; failure or unsupported evidence cannot count as demonstrated.",A;S;I;R;M,docs/acceptance-cases.md#t30,not-demonstrated,not-yet-produced,
R9-007,REQUIREMENTS.md:L490,"Even when inputs appear unchanged, the system must inspect the actual current:",9. Recalculation and Recovery,normative,U17/U18/U20,validate.py / recovery.py / history.py,U17/U18/U20 implementation verifier; U20 closure reviewer,T30;T15;T17,"For 9. Recalculation and Recovery, independently check this leaf: Even when inputs appear unchanged, the system must inspect the actual current:. Apply T30 expected records and artifact observations; failure or unsupported evidence cannot count as demonstrated.",A;S;I;R;M,docs/acceptance-cases.md#t30,not-demonstrated,not-yet-produced,
R9-008,REQUIREMENTS.md:L492,seven snapshots;,"9. Recalculation and Recovery / Even when inputs appear unchanged, the system must inspect the actual current:",normative,U17/U18/U20,validate.py / recovery.py / history.py,U17/U18/U20 implementation verifier; U20 closure reviewer,T15;T17;T30,"For 9. Recalculation and Recovery / Even when inputs appear unchanged, the system must inspect the actual current:, independently check this leaf: seven snapshots. Apply T15 expected records and artifact observations; failure or unsupported evidence cannot count as demonstrated.",A;S;I;R;M,docs/acceptance-cases.md#t15,not-demonstrated,not-yet-produced,
R9-009,REQUIREMENTS.md:L493,record relationships;,"9. Recalculation and Recovery / Even when inputs appear unchanged, the system must inspect the actual current:",normative,U17/U18/U20,validate.py / recovery.py / history.py,U17/U18/U20 implementation verifier; U20 closure reviewer,T15;T17;T30,"For 9. Recalculation and Recovery / Even when inputs appear unchanged, the system must inspect the actual current:, independently check this leaf: record relationships. Apply T15 expected records and artifact observations; failure or unsupported evidence cannot count as demonstrated.",A;S;I;R;M,docs/acceptance-cases.md#t15,not-demonstrated,not-yet-produced,
R9-010,REQUIREMENTS.md:L494,run bindings;,"9. Recalculation and Recovery / Even when inputs appear unchanged, the system must inspect the actual current:",normative,U17/U18/U20,validate.py / recovery.py / history.py,U17/U18/U20 implementation verifier; U20 closure reviewer,T15;T17;T30,"For 9. Recalculation and Recovery / Even when inputs appear unchanged, the system must inspect the actual current:, independently check this leaf: run bindings. Apply T15 expected records and artifact observations; failure or unsupported evidence cannot count as demonstrated.",A;S;I;R;M,docs/acceptance-cases.md#t15,not-demonstrated,not-yet-produced,
R9-011,REQUIREMENTS.md:L495,hashes;,"9. Recalculation and Recovery / Even when inputs appear unchanged, the system must inspect the actual current:",normative,U17/U18/U20,validate.py / recovery.py / history.py,U17/U18/U20 implementation verifier; U20 closure reviewer,T15;T17;T30,"For 9. Recalculation and Recovery / Even when inputs appear unchanged, the system must inspect the actual current:, independently check this leaf: hashes. Apply T15 expected records and artifact observations; failure or unsupported evidence cannot count as demonstrated.",A;S;I;R;M,docs/acceptance-cases.md#t15,not-demonstrated,not-yet-produced,
R9-012,REQUIREMENTS.md:L496,required source evidence;,"9. Recalculation and Recovery / Even when inputs appear unchanged, the system must inspect the actual current:",normative,U17/U18/U20,validate.py / recovery.py / history.py,U17/U18/U20 implementation verifier; U20 closure reviewer,T15;T17;T30,"For 9. Recalculation and Recovery / Even when inputs appear unchanged, the system must inspect the actual current:, independently check this leaf: required source evidence. Apply T15 expected records and artifact observations; failure or unsupported evidence cannot count as demonstrated.",A;S;I;R;M,docs/acceptance-cases.md#t15,not-demonstrated,not-yet-produced,
R9-013,REQUIREMENTS.md:L497,three final files.,"9. Recalculation and Recovery / Even when inputs appear unchanged, the system must inspect the actual current:",normative,U17/U18/U20,validate.py / recovery.py / history.py,U17/U18/U20 implementation verifier; U20 closure reviewer,T15;T17;T30,"For 9. Recalculation and Recovery / Even when inputs appear unchanged, the system must inspect the actual current:, independently check this leaf: three final files. Apply T15 expected records and artifact observations; failure or unsupported evidence cannot count as demonstrated.",A;S;I;R;M,docs/acceptance-cases.md#t15,not-demonstrated,not-yet-produced,
R9-014,REQUIREMENTS.md:L499,The system must not report success solely because a previous successful run exists.,9. Recalculation and Recovery,normative,U17/U18/U20,validate.py / recovery.py / history.py,U17/U18/U20 implementation verifier; U20 closure reviewer,T15;T17;T30,"For 9. Recalculation and Recovery, independently check this leaf: The system must not report success solely because a previous successful run exists. Apply T15 expected records and artifact observations; failure or unsupported evidence cannot count as demonstrated.",A;S;I;R;M,docs/acceptance-cases.md#t15,not-demonstrated,not-yet-produced,
R9-015,REQUIREMENTS.md:L501,If outputs are:,9. Recalculation and Recovery,normative,U17/U18/U20,validate.py / recovery.py / history.py,U17/U18/U20 implementation verifier; U20 closure reviewer,T15;T17;T30,"For 9. Recalculation and Recovery, independently check this leaf: If outputs are:. Apply T15 expected records and artifact observations; failure or unsupported evidence cannot count as demonstrated.",A;S;I;R;M,docs/acceptance-cases.md#t15,not-demonstrated,not-yet-produced,
R9-016,REQUIREMENTS.md:L503,missing;,9. Recalculation and Recovery / If outputs are:,normative,U17/U18/U20,validate.py / recovery.py / history.py,U17/U18/U20 implementation verifier; U20 closure reviewer,T15;T17;T30,"For 9. Recalculation and Recovery / If outputs are:, independently check this leaf: missing. Apply T15 expected records and artifact observations; failure or unsupported evidence cannot count as demonstrated.",A;S;I;R;M,docs/acceptance-cases.md#t15,not-demonstrated,not-yet-produced,
R9-017,REQUIREMENTS.md:L504,damaged;,9. Recalculation and Recovery / If outputs are:,normative,U17/U18/U20,validate.py / recovery.py / history.py,U17/U18/U20 implementation verifier; U20 closure reviewer,T15;T17;T30,"For 9. Recalculation and Recovery / If outputs are:, independently check this leaf: damaged. Apply T15 expected records and artifact observations; failure or unsupported evidence cannot count as demonstrated.",A;S;I;R;M,docs/acceptance-cases.md#t15,not-demonstrated,not-yet-produced,
R9-018,REQUIREMENTS.md:L505,stale;,9. Recalculation and Recovery / If outputs are:,normative,U17/U18/U20,validate.py / recovery.py / history.py,U17/U18/U20 implementation verifier; U20 closure reviewer,T15;T17;T30,"For 9. Recalculation and Recovery / If outputs are:, independently check this leaf: stale. Apply T15 expected records and artifact observations; failure or unsupported evidence cannot count as demonstrated.",A;S;I;R;M,docs/acceptance-cases.md#t15,not-demonstrated,not-yet-produced,
R9-019,REQUIREMENTS.md:L506,inconsistent;,9. Recalculation and Recovery / If outputs are:,normative,U17/U18/U20,validate.py / recovery.py / history.py,U17/U18/U20 implementation verifier; U20 closure reviewer,T15;T17;T30,"For 9. Recalculation and Recovery / If outputs are:, independently check this leaf: inconsistent. Apply T15 expected records and artifact observations; failure or unsupported evidence cannot count as demonstrated.",A;S;I;R;M,docs/acceptance-cases.md#t15,not-demonstrated,not-yet-produced,
R9-020,REQUIREMENTS.md:L508,the system must:,9. Recalculation and Recovery,normative,U17/U18/U20,validate.py / recovery.py / history.py,U17/U18/U20 implementation verifier; U20 closure reviewer,T15;T17;T30,"For 9. Recalculation and Recovery, independently check this leaf: the system must:. Apply T15 expected records and artifact observations; failure or unsupported evidence cannot count as demonstrated.",A;S;I;R;M,docs/acceptance-cases.md#t15,not-demonstrated,not-yet-produced,
R9-021,REQUIREMENTS.md:L510,repair them where possible;,9. Recalculation and Recovery / the system must:,normative,U17/U18/U20,validate.py / recovery.py / history.py,U17/U18/U20 implementation verifier; U20 closure reviewer,T15;T17;T30,"For 9. Recalculation and Recovery / the system must:, independently check this leaf: repair them where possible. Apply T15 expected records and artifact observations; failure or unsupported evidence cannot count as demonstrated.",A;S;I;R;M,docs/acceptance-cases.md#t15,not-demonstrated,not-yet-produced,
R9-022,REQUIREMENTS.md:L511,revalidate them;,9. Recalculation and Recovery / the system must:,normative,U17/U18/U20,validate.py / recovery.py / history.py,U17/U18/U20 implementation verifier; U20 closure reviewer,T15;T17;T30,"For 9. Recalculation and Recovery / the system must:, independently check this leaf: revalidate them. Apply T15 expected records and artifact observations; failure or unsupported evidence cannot count as demonstrated.",A;S;I;R;M,docs/acceptance-cases.md#t15,not-demonstrated,not-yet-produced,
R9-023,REQUIREMENTS.md:L512,otherwise return an explicit incomplete or failure result.,9. Recalculation and Recovery / the system must:,normative,U17/U18/U20,validate.py / recovery.py / history.py,U17/U18/U20 implementation verifier; U20 closure reviewer,T15;T17;T30,"For 9. Recalculation and Recovery / the system must:, independently check this leaf: otherwise return an explicit incomplete or failure result. Apply T15 expected records and artifact observations; failure or unsupported evidence cannot count as demonstrated.",A;S;I;R;M,docs/acceptance-cases.md#t15,not-demonstrated,not-yet-produced,
R9-024,REQUIREMENTS.md:L514,Technical failures must be retained with:,9. Recalculation and Recovery,normative,U17/U18/U20,validate.py / recovery.py / history.py,U17/U18/U20 implementation verifier; U20 closure reviewer,T15;T17;T30,"For 9. Recalculation and Recovery, independently check this leaf: Technical failures must be retained with:. Apply T15 expected records and artifact observations; failure or unsupported evidence cannot count as demonstrated.",A;S;I;R;M,docs/acceptance-cases.md#t15,not-demonstrated,not-yet-produced,
R9-025,REQUIREMENTS.md:L516,affected stage;,9. Recalculation and Recovery / Technical failures must be retained with:,normative,U17/U18/U20,validate.py / recovery.py / history.py,U17/U18/U20 implementation verifier; U20 closure reviewer,T15;T17;T30,"For 9. Recalculation and Recovery / Technical failures must be retained with:, independently check this leaf: affected stage. Apply T15 expected records and artifact observations; failure or unsupported evidence cannot count as demonstrated.",A;S;I;R;M,docs/acceptance-cases.md#t15,not-demonstrated,not-yet-produced,
R9-026,REQUIREMENTS.md:L517,affected source or output;,9. Recalculation and Recovery / Technical failures must be retained with:,normative,U17/U18/U20,validate.py / recovery.py / history.py,U17/U18/U20 implementation verifier; U20 closure reviewer,T15;T17;T30,"For 9. Recalculation and Recovery / Technical failures must be retained with:, independently check this leaf: affected source or output. Apply T15 expected records and artifact observations; failure or unsupported evidence cannot count as demonstrated.",A;S;I;R;M,docs/acceptance-cases.md#t15,not-demonstrated,not-yet-produced,
R9-027,REQUIREMENTS.md:L518,recovery action;,9. Recalculation and Recovery / Technical failures must be retained with:,normative,U17/U18/U20,validate.py / recovery.py / history.py,U17/U18/U20 implementation verifier; U20 closure reviewer,T15;T17;T30,"For 9. Recalculation and Recovery / Technical failures must be retained with:, independently check this leaf: recovery action. Apply T15 expected records and artifact observations; failure or unsupported evidence cannot count as demonstrated.",A;S;I;R;M,docs/acceptance-cases.md#t15,not-demonstrated,not-yet-produced,
R9-028,REQUIREMENTS.md:L519,next owner where applicable.,9. Recalculation and Recovery / Technical failures must be retained with:,normative,U17/U18/U20,validate.py / recovery.py / history.py,U17/U18/U20 implementation verifier; U20 closure reviewer,T15;T17;T30,"For 9. Recalculation and Recovery / Technical failures must be retained with:, independently check this leaf: next owner where applicable. Apply T15 expected records and artifact observations; failure or unsupported evidence cannot count as demonstrated.",A;S;I;R;M,docs/acceptance-cases.md#t15,not-demonstrated,not-yet-produced,
R9-029,REQUIREMENTS.md:L521,"After repair, the documented end-to-end command must be rerun with fresh required source attempts.",9. Recalculation and Recovery,normative,U17/U18/U20,validate.py / recovery.py / history.py,U17/U18/U20 implementation verifier; U20 closure reviewer,T15;T17;T30,"For 9. Recalculation and Recovery, independently check this leaf: After repair, the documented end-to-end command must be rerun with fresh required source attempts. Apply T15 expected records and artifact observations; failure or unsupported evidence cannot count as demonstrated.",A;S;I;R;M,docs/acceptance-cases.md#t15,not-demonstrated,not-yet-produced,
R9-030,REQUIREMENTS.md:L523,The failed occurrence and its evidence must remain preserved.,9. Recalculation and Recovery,normative,U17/U18/U20,validate.py / recovery.py / history.py,U17/U18/U20 implementation verifier; U20 closure reviewer,T15;T17;T30,"For 9. Recalculation and Recovery, independently check this leaf: The failed occurrence and its evidence must remain preserved. Apply T15 expected records and artifact observations; failure or unsupported evidence cannot count as demonstrated.",A;S;I;R;M,docs/acceptance-cases.md#t15,not-demonstrated,not-yet-produced,
R9-031,REQUIREMENTS.md:L525,Recovery must not invent resolved facts or approvals.,9. Recalculation and Recovery,normative,U17/U18/U20,validate.py / recovery.py / history.py,U17/U18/U20 implementation verifier; U20 closure reviewer,T15;T17;T30,"For 9. Recalculation and Recovery, independently check this leaf: Recovery must not invent resolved facts or approvals. Apply T15 expected records and artifact observations; failure or unsupported evidence cannot count as demonstrated.",A;S;I;R;M,docs/acceptance-cases.md#t15,not-demonstrated,not-yet-produced,
R10-001,REQUIREMENTS.md:L531,The system must preserve traceability across:,10. Source and Evidence Reconciliation,normative,U02/U08/U10/U11/U12/U13/U17,record graph / interpretation.py / reconcile.py / validate.py,U02/U08/U10/U11/U12/U13/U17 implementation verifier; U20 closure reviewer,T24;T04;T22,"For 10. Source and Evidence Reconciliation, independently check this leaf: The system must preserve traceability across:. Apply T24 expected records and artifact observations; failure or unsupported evidence cannot count as demonstrated.",A;S;I;R;M,docs/acceptance-cases.md#t24,not-demonstrated,not-yet-produced,
R10-002,REQUIREMENTS.md:L533,source attempts;,10. Source and Evidence Reconciliation / The system must preserve traceability across:,normative,U02/U08/U10/U11/U12/U13/U17,record graph / interpretation.py / reconcile.py / validate.py,U02/U08/U10/U11/U12/U13/U17 implementation verifier; U20 closure reviewer,T24;T04;T22,"For 10. Source and Evidence Reconciliation / The system must preserve traceability across:, independently check this leaf: source attempts. Apply T24 expected records and artifact observations; failure or unsupported evidence cannot count as demonstrated.",A;S;I;R;M,docs/acceptance-cases.md#t24,not-demonstrated,not-yet-produced,
R10-003,REQUIREMENTS.md:L534,source captures;,10. Source and Evidence Reconciliation / The system must preserve traceability across:,normative,U02/U08/U10/U11/U12/U13/U17,record graph / interpretation.py / reconcile.py / validate.py,U02/U08/U10/U11/U12/U13/U17 implementation verifier; U20 closure reviewer,T24;T04;T22,"For 10. Source and Evidence Reconciliation / The system must preserve traceability across:, independently check this leaf: source captures. Apply T24 expected records and artifact observations; failure or unsupported evidence cannot count as demonstrated.",A;S;I;R;M,docs/acceptance-cases.md#t24,not-demonstrated,not-yet-produced,
R10-004,REQUIREMENTS.md:L535,evidence records;,10. Source and Evidence Reconciliation / The system must preserve traceability across:,normative,U02/U08/U10/U11/U12/U13/U17,record graph / interpretation.py / reconcile.py / validate.py,U02/U08/U10/U11/U12/U13/U17 implementation verifier; U20 closure reviewer,T24;T04;T22,"For 10. Source and Evidence Reconciliation / The system must preserve traceability across:, independently check this leaf: evidence records. Apply T24 expected records and artifact observations; failure or unsupported evidence cannot count as demonstrated.",A;S;I;R;M,docs/acceptance-cases.md#t24,not-demonstrated,not-yet-produced,
R10-005,REQUIREMENTS.md:L536,rule references;,10. Source and Evidence Reconciliation / The system must preserve traceability across:,normative,U02/U08/U10/U11/U12/U13/U17,record graph / interpretation.py / reconcile.py / validate.py,U02/U08/U10/U11/U12/U13/U17 implementation verifier; U20 closure reviewer,T24;T04;T22,"For 10. Source and Evidence Reconciliation / The system must preserve traceability across:, independently check this leaf: rule references. Apply T24 expected records and artifact observations; failure or unsupported evidence cannot count as demonstrated.",A;S;I;R;M,docs/acceptance-cases.md#t24,not-demonstrated,not-yet-produced,
R10-006,REQUIREMENTS.md:L537,impacts;,10. Source and Evidence Reconciliation / The system must preserve traceability across:,normative,U02/U08/U10/U11/U12/U13/U17,record graph / interpretation.py / reconcile.py / validate.py,U02/U08/U10/U11/U12/U13/U17 implementation verifier; U20 closure reviewer,T24;T04;T22,"For 10. Source and Evidence Reconciliation / The system must preserve traceability across:, independently check this leaf: impacts. Apply T24 expected records and artifact observations; failure or unsupported evidence cannot count as demonstrated.",A;S;I;R;M,docs/acceptance-cases.md#t24,not-demonstrated,not-yet-produced,
R10-007,REQUIREMENTS.md:L538,actions;,10. Source and Evidence Reconciliation / The system must preserve traceability across:,normative,U02/U08/U10/U11/U12/U13/U17,record graph / interpretation.py / reconcile.py / validate.py,U02/U08/U10/U11/U12/U13/U17 implementation verifier; U20 closure reviewer,T24;T04;T22,"For 10. Source and Evidence Reconciliation / The system must preserve traceability across:, independently check this leaf: actions. Apply T24 expected records and artifact observations; failure or unsupported evidence cannot count as demonstrated.",A;S;I;R;M,docs/acceptance-cases.md#t24,not-demonstrated,not-yet-produced,
R10-008,REQUIREMENTS.md:L539,approvals;,10. Source and Evidence Reconciliation / The system must preserve traceability across:,normative,U02/U08/U10/U11/U12/U13/U17,record graph / interpretation.py / reconcile.py / validate.py,U02/U08/U10/U11/U12/U13/U17 implementation verifier; U20 closure reviewer,T24;T04;T22,"For 10. Source and Evidence Reconciliation / The system must preserve traceability across:, independently check this leaf: approvals. Apply T24 expected records and artifact observations; failure or unsupported evidence cannot count as demonstrated.",A;S;I;R;M,docs/acceptance-cases.md#t24,not-demonstrated,not-yet-produced,
R10-009,REQUIREMENTS.md:L540,review requests;,10. Source and Evidence Reconciliation / The system must preserve traceability across:,normative,U02/U08/U10/U11/U12/U13/U17,record graph / interpretation.py / reconcile.py / validate.py,U02/U08/U10/U11/U12/U13/U17 implementation verifier; U20 closure reviewer,T24;T04;T22,"For 10. Source and Evidence Reconciliation / The system must preserve traceability across:, independently check this leaf: review requests. Apply T24 expected records and artifact observations; failure or unsupported evidence cannot count as demonstrated.",A;S;I;R;M,docs/acceptance-cases.md#t24,not-demonstrated,not-yet-produced,
R10-010,REQUIREMENTS.md:L541,final artifacts.,10. Source and Evidence Reconciliation / The system must preserve traceability across:,normative,U02/U08/U10/U11/U12/U13/U17,record graph / interpretation.py / reconcile.py / validate.py,U02/U08/U10/U11/U12/U13/U17 implementation verifier; U20 closure reviewer,T24;T04;T22,"For 10. Source and Evidence Reconciliation / The system must preserve traceability across:, independently check this leaf: final artifacts. Apply T24 expected records and artifact observations; failure or unsupported evidence cannot count as demonstrated.",A;S;I;R;M,docs/acceptance-cases.md#t24,not-demonstrated,not-yet-produced,
R10-011,REQUIREMENTS.md:L543,Conflicting source records must not be silently collapsed.,10. Source and Evidence Reconciliation,normative,U02/U08/U10/U11/U12/U13/U17,record graph / interpretation.py / reconcile.py / validate.py,U02/U08/U10/U11/U12/U13/U17 implementation verifier; U20 closure reviewer,T04;T24;T22,"For 10. Source and Evidence Reconciliation, independently check this leaf: Conflicting source records must not be silently collapsed. Apply T04 expected records and artifact observations; failure or unsupported evidence cannot count as demonstrated.",A;S;I;R;M,docs/acceptance-cases.md#t04,not-demonstrated,not-yet-produced,
R10-012,REQUIREMENTS.md:L545,Unavailable evidence must remain unresolved.,10. Source and Evidence Reconciliation,normative,U02/U08/U10/U11/U12/U13/U17,record graph / interpretation.py / reconcile.py / validate.py,U02/U08/U10/U11/U12/U13/U17 implementation verifier; U20 closure reviewer,T03;T24;T04;T22,"For 10. Source and Evidence Reconciliation, independently check this leaf: Unavailable evidence must remain unresolved. Apply T03 expected records and artifact observations; failure or unsupported evidence cannot count as demonstrated.",A;S;I;R;M,docs/acceptance-cases.md#t03,not-demonstrated,not-yet-produced,
R10-013,REQUIREMENTS.md:L547,Unsupported claims must not become formal conclusions.,10. Source and Evidence Reconciliation,normative,U02/U08/U10/U11/U12/U13/U17,record graph / interpretation.py / reconcile.py / validate.py,U02/U08/U10/U11/U12/U13/U17 implementation verifier; U20 closure reviewer,T03;T24;T04;T22,"For 10. Source and Evidence Reconciliation, independently check this leaf: Unsupported claims must not become formal conclusions. Apply T03 expected records and artifact observations; failure or unsupported evidence cannot count as demonstrated.",A;S;I;R;M,docs/acceptance-cases.md#t03,not-demonstrated,not-yet-produced,
R10-014,REQUIREMENTS.md:L549,"Different legal, policy, factual, and operational bases must remain distinguishable.",10. Source and Evidence Reconciliation,normative,U02/U08/U10/U11/U12/U13/U17,record graph / interpretation.py / reconcile.py / validate.py,U02/U08/U10/U11/U12/U13/U17 implementation verifier; U20 closure reviewer,T20;T24;T04;T22,"For 10. Source and Evidence Reconciliation, independently check this leaf: Different legal, policy, factual, and operational bases must remain distinguishable. Apply T20 expected records and artifact observations; failure or unsupported evidence cannot count as demonstrated.",A;S;I;R;M,docs/acceptance-cases.md#t20,not-demonstrated,not-yet-produced,
R11-001,REQUIREMENTS.md:L555,The implementation must provide one documented end-to-end command.,11. Runtime and Reproduction Requirements,normative,U03/U05/U08/U17/U19/U20,run.py / stage.py / operating guide,U03/U05/U08/U17/U19/U20 implementation verifier; U20 closure reviewer,T21;T25,"For 11. Runtime and Reproduction Requirements, independently check this leaf: The implementation must provide one documented end-to-end command. Apply T21 expected records and artifact observations; failure or unsupported evidence cannot count as demonstrated.",A;S;I;R;M,docs/acceptance-cases.md#t21,not-demonstrated,not-yet-produced,
R11-002,REQUIREMENTS.md:L557,Documentation must identify:,11. Runtime and Reproduction Requirements,normative,U03/U05/U08/U17/U19/U20,run.py / stage.py / operating guide,U03/U05/U08/U17/U19/U20 implementation verifier; U20 closure reviewer,T21;T25,"For 11. Runtime and Reproduction Requirements, independently check this leaf: Documentation must identify:. Apply T21 expected records and artifact observations; failure or unsupported evidence cannot count as demonstrated.",A;S;I;R;M,docs/acceptance-cases.md#t21,not-demonstrated,not-yet-produced,
R11-003,REQUIREMENTS.md:L559,runtime;,11. Runtime and Reproduction Requirements / Documentation must identify:,normative,U03/U05/U08/U17/U19/U20,run.py / stage.py / operating guide,U03/U05/U08/U17/U19/U20 implementation verifier; U20 closure reviewer,T21;T25,"For 11. Runtime and Reproduction Requirements / Documentation must identify:, independently check this leaf: runtime. Apply T21 expected records and artifact observations; failure or unsupported evidence cannot count as demonstrated.",A;S;I;R;M,docs/acceptance-cases.md#t21,not-demonstrated,not-yet-produced,
R11-004,REQUIREMENTS.md:L560,dependencies;,11. Runtime and Reproduction Requirements / Documentation must identify:,normative,U03/U05/U08/U17/U19/U20,run.py / stage.py / operating guide,U03/U05/U08/U17/U19/U20 implementation verifier; U20 closure reviewer,T21;T25,"For 11. Runtime and Reproduction Requirements / Documentation must identify:, independently check this leaf: dependencies. Apply T21 expected records and artifact observations; failure or unsupported evidence cannot count as demonstrated.",A;S;I;R;M,docs/acceptance-cases.md#t21,not-demonstrated,not-yet-produced,
R11-005,REQUIREMENTS.md:L561,setup requirements;,11. Runtime and Reproduction Requirements / Documentation must identify:,normative,U03/U05/U08/U17/U19/U20,run.py / stage.py / operating guide,U03/U05/U08/U17/U19/U20 implementation verifier; U20 closure reviewer,T21;T25,"For 11. Runtime and Reproduction Requirements / Documentation must identify:, independently check this leaf: setup requirements. Apply T21 expected records and artifact observations; failure or unsupported evidence cannot count as demonstrated.",A;S;I;R;M,docs/acceptance-cases.md#t21,not-demonstrated,not-yet-produced,
R11-006,REQUIREMENTS.md:L562,execution command.,11. Runtime and Reproduction Requirements / Documentation must identify:,normative,U03/U05/U08/U17/U19/U20,run.py / stage.py / operating guide,U03/U05/U08/U17/U19/U20 implementation verifier; U20 closure reviewer,T21;T25,"For 11. Runtime and Reproduction Requirements / Documentation must identify:, independently check this leaf: execution command. Apply T21 expected records and artifact observations; failure or unsupported evidence cannot count as demonstrated.",A;S;I;R;M,docs/acceptance-cases.md#t21,not-demonstrated,not-yet-produced,
R11-007,REQUIREMENTS.md:L564,Any suitable implementation language and maintained libraries may be used.,11. Runtime and Reproduction Requirements,normative,U03/U05/U08/U17/U19/U20,run.py / stage.py / operating guide,U03/U05/U08/U17/U19/U20 implementation verifier; U20 closure reviewer,T21;T25,"For 11. Runtime and Reproduction Requirements, independently check this leaf: Any suitable implementation language and maintained libraries may be used. Apply T21 expected records and artifact observations; failure or unsupported evidence cannot count as demonstrated.",A;S;I;R;M,docs/acceptance-cases.md#t21,not-demonstrated,not-yet-produced,
R11-008,REQUIREMENTS.md:L566,The command must regenerate the current review package from the disclosed runtime inputs and fresh required source attempts.,11. Runtime and Reproduction Requirements,normative,U03/U05/U08/U17/U19/U20,run.py / stage.py / operating guide,U03/U05/U08/U17/U19/U20 implementation verifier; U20 closure reviewer,T21;T25,"For 11. Runtime and Reproduction Requirements, independently check this leaf: The command must regenerate the current review package from the disclosed runtime inputs and fresh required source attempts. Apply T21 expected records and artifact observations; failure or unsupported evidence cannot count as demonstrated.",A;S;I;R;M,docs/acceptance-cases.md#t21,not-demonstrated,not-yet-produced,
R12-001,REQUIREMENTS.md:L572,The repository must contain an Agent Skills-compliant skill named:,12. Required Skill Package,normative,U19/U20,skill package / operating guide,U19/U20 implementation verifier; U20 closure reviewer,T31;T21,"For 12. Required Skill Package, independently check this leaf: The repository must contain an Agent Skills-compliant skill named:. Apply T31 expected records and artifact observations; failure or unsupported evidence cannot count as demonstrated.",S;I;R;M,docs/acceptance-cases.md#t31,not-demonstrated,not-yet-produced,
R12-002,REQUIREMENTS.md:L574,`regulatory-change-impact-brief`,12. Required Skill Package / The repository must contain an Agent Skills-compliant skill named:,normative,U19/U20,skill package / operating guide,U19/U20 implementation verifier; U20 closure reviewer,T31;T21,"For 12. Required Skill Package / The repository must contain an Agent Skills-compliant skill named:, independently check this leaf: `regulatory-change-impact-brief`. Apply T31 expected records and artifact observations; failure or unsupported evidence cannot count as demonstrated.",S;I;R;M,docs/acceptance-cases.md#t31,not-demonstrated,not-yet-produced,
R12-003,REQUIREMENTS.md:L576,The skill package must include:,12. Required Skill Package,normative,U19/U20,skill package / operating guide,U19/U20 implementation verifier; U20 closure reviewer,T31;T21,"For 12. Required Skill Package, independently check this leaf: The skill package must include:. Apply T31 expected records and artifact observations; failure or unsupported evidence cannot count as demonstrated.",S;I;R;M,docs/acceptance-cases.md#t31,not-demonstrated,not-yet-produced,
R12-004,REQUIREMENTS.md:L579,regulatory-change-impact-brief/,12. Required Skill Package / The skill package must include:,normative,U19/U20,required repository / deliverables tree,U19/U20 implementation verifier; U20 closure reviewer,T31,"For 12. Required Skill Package / The skill package must include:, independently check this leaf: regulatory-change-impact-brief/. Apply T31 expected records and artifact observations; failure or unsupported evidence cannot count as demonstrated.",S;I;R;M,docs/acceptance-cases.md#t31,not-demonstrated,not-yet-produced,
R12-005,REQUIREMENTS.md:L580,├── SKILL.md,12. Required Skill Package / The skill package must include:,normative,U19/U20,required repository / deliverables tree,U19/U20 implementation verifier; U20 closure reviewer,T31,"For 12. Required Skill Package / The skill package must include:, independently check this leaf: ├── SKILL.md. Apply T31 expected records and artifact observations; failure or unsupported evidence cannot count as demonstrated.",S;I;R;M,docs/acceptance-cases.md#t31,not-demonstrated,not-yet-produced,
R12-006,REQUIREMENTS.md:L581,├── scripts/,12. Required Skill Package / The skill package must include:,normative,U19/U20,required repository / deliverables tree,U19/U20 implementation verifier; U20 closure reviewer,T31,"For 12. Required Skill Package / The skill package must include:, independently check this leaf: ├── scripts/. Apply T31 expected records and artifact observations; failure or unsupported evidence cannot count as demonstrated.",S;I;R;M,docs/acceptance-cases.md#t31,not-demonstrated,not-yet-produced,
R12-007,REQUIREMENTS.md:L582,└── references/,12. Required Skill Package / The skill package must include:,normative,U19/U20,required repository / deliverables tree,U19/U20 implementation verifier; U20 closure reviewer,T31,"For 12. Required Skill Package / The skill package must include:, independently check this leaf: └── references/. Apply T31 expected records and artifact observations; failure or unsupported evidence cannot count as demonstrated.",S;I;R;M,docs/acceptance-cases.md#t31,not-demonstrated,not-yet-produced,
R12-008,REQUIREMENTS.md:L585,`SKILL.md` must describe how the skill is invoked and how it produces the required outputs.,12. Required Skill Package,normative,U19/U20,skill package / operating guide,U19/U20 implementation verifier; U20 closure reviewer,T31;T21,"For 12. Required Skill Package, independently check this leaf: `SKILL.md` must describe how the skill is invoked and how it produces the required outputs. Apply T31 expected records and artifact observations; failure or unsupported evidence cannot count as demonstrated.",S;I;R;M,docs/acceptance-cases.md#t31,not-demonstrated,not-yet-produced,
R12-009,REQUIREMENTS.md:L587,Implementation-specific organization within `scripts/` and `references/` may be chosen during system design.,12. Required Skill Package,normative,U19/U20,skill package / operating guide,U19/U20 implementation verifier; U20 closure reviewer,T31;T21,"For 12. Required Skill Package, independently check this leaf: Implementation-specific organization within `scripts/` and `references/` may be chosen during system design. Apply T31 expected records and artifact observations; failure or unsupported evidence cannot count as demonstrated.",S;I;R;M,docs/acceptance-cases.md#t31,not-demonstrated,not-yet-produced,
R13-001,REQUIREMENTS.md:L593,The implementation must follow these principles:,13. Core Behavioral Constraints,normative,U02/U09/U10/U11/U12/U13/U17/U20,authority.py / reconcile.py / impacts.py / reviews.py / validate.py,U02/U09/U10/U11/U12/U13/U17/U20 implementation verifier; U20 closure reviewer,T03;T04;T05;T18;T20;T24,"For 13. Core Behavioral Constraints, independently check this leaf: The implementation must follow these principles:. Apply T03 expected records and artifact observations; failure or unsupported evidence cannot count as demonstrated.",A;S;I;R;M,docs/acceptance-cases.md#t03,not-demonstrated,not-yet-produced,
R13-002,REQUIREMENTS.md:L597,"Unknown, conflicting, missing, or unresolved information must remain explicit.",Preserve uncertainty,normative,U02/U09/U10/U11/U12/U13/U17/U20,authority.py / reconcile.py / impacts.py / reviews.py / validate.py,U02/U09/U10/U11/U12/U13/U17/U20 implementation verifier; U20 closure reviewer,T03;T04;T05;T18;T20;T24,"For Preserve uncertainty, independently check this leaf: Unknown, conflicting, missing, or unresolved information must remain explicit. Apply T03 expected records and artifact observations; failure or unsupported evidence cannot count as demonstrated.",A;S;I;R;M,docs/acceptance-cases.md#t03,not-demonstrated,not-yet-produced,
R13-003,REQUIREMENTS.md:L601,"The system must not infer evidence, approval, source meaning, legal applicability, or decision outcomes that are not supported.",Do not manufacture certainty,normative,U02/U09/U10/U11/U12/U13/U17/U20,authority.py / reconcile.py / impacts.py / reviews.py / validate.py,U02/U09/U10/U11/U12/U13/U17/U20 implementation verifier; U20 closure reviewer,T03;T04;T05;T18;T20;T24,"For Do not manufacture certainty, independently check this leaf: The system must not infer evidence, approval, source meaning, legal applicability, or decision outcomes that are not supported. Apply T03 expected records and artifact observations; failure or unsupported evidence cannot count as demonstrated.",A;S;I;R;M,docs/acceptance-cases.md#t03,not-demonstrated,not-yet-produced,
R13-004,REQUIREMENTS.md:L605,Every material conclusion must remain traceable to its source and evidence basis.,Preserve provenance,normative,U02/U09/U10/U11/U12/U13/U17/U20,authority.py / reconcile.py / impacts.py / reviews.py / validate.py,U02/U09/U10/U11/U12/U13/U17/U20 implementation verifier; U20 closure reviewer,T24;T03;T04;T05;T18;T20,"For Preserve provenance, independently check this leaf: Every material conclusion must remain traceable to its source and evidence basis. Apply T24 expected records and artifact observations; failure or unsupported evidence cannot count as demonstrated.",A;S;I;R;M,docs/acceptance-cases.md#t24,not-demonstrated,not-yet-produced,
R13-005,REQUIREMENTS.md:L609,Successfully retrieving a document does not prove that it is the correct or applicable authority for the review date.,Separate retrieval from applicability,normative,U02/U09/U10/U11/U12/U13/U17/U20,authority.py / reconcile.py / impacts.py / reviews.py / validate.py,U02/U09/U10/U11/U12/U13/U17/U20 implementation verifier; U20 closure reviewer,T09;T20;T03;T04;T05;T18;T24,"For Separate retrieval from applicability, independently check this leaf: Successfully retrieving a document does not prove that it is the correct or applicable authority for the review date. Apply T09 expected records and artifact observations; failure or unsupported evidence cannot count as demonstrated.",A;S;I;R;M,docs/acceptance-cases.md#t09,not-demonstrated,not-yet-produced,
R13-006,REQUIREMENTS.md:L613,A source status or workflow state must not automatically imply human approval unless an authorized decision explicitly establishes approval.,Separate operational status from approval,normative,U02/U09/U10/U11/U12/U13/U17/U20,authority.py / reconcile.py / impacts.py / reviews.py / validate.py,U02/U09/U10/U11/U12/U13/U17/U20 implementation verifier; U20 closure reviewer,T05;T03;T04;T18;T20;T24,"For Separate operational status from approval, independently check this leaf: A source status or workflow state must not automatically imply human approval unless an authorized decision explicitly establishes approval. Apply T05 expected records and artifact observations; failure or unsupported evidence cannot count as demonstrated.",A;S;I;R;M,docs/acceptance-cases.md#t05,not-demonstrated,not-yet-produced,
R13-007,REQUIREMENTS.md:L617,"When some analysis remains supportable, the system may produce a partial draft while clearly identifying blockers and limitations.",Prefer bounded partial output over fabricated completeness,normative,U02/U09/U10/U11/U12/U13/U17/U20,authority.py / reconcile.py / impacts.py / reviews.py / validate.py,U02/U09/U10/U11/U12/U13/U17/U20 implementation verifier; U20 closure reviewer,T03;T04;T05;T18;T20;T24,"For Prefer bounded partial output over fabricated completeness, independently check this leaf: When some analysis remains supportable, the system may produce a partial draft while clearly identifying blockers and limitations. Apply T03 expected records and artifact observations; failure or unsupported evidence cannot count as demonstrated.",A;S;I;R;M,docs/acceptance-cases.md#t03,not-demonstrated,not-yet-produced,
R13-008,REQUIREMENTS.md:L621,"If required legal authority cannot be verified, conclusions dependent on that authority must not be presented as supported.",Fail closed for unsupported legal conclusions,normative,U02/U09/U10/U11/U12/U13/U17/U20,authority.py / reconcile.py / impacts.py / reviews.py / validate.py,U02/U09/U10/U11/U12/U13/U17/U20 implementation verifier; U20 closure reviewer,T02;T20;T03;T04;T05;T18;T24,"For Fail closed for unsupported legal conclusions, independently check this leaf: If required legal authority cannot be verified, conclusions dependent on that authority must not be presented as supported. Apply T02 expected records and artifact observations; failure or unsupported evidence cannot count as demonstrated.",A;S;I;R;M,docs/acceptance-cases.md#t02,not-demonstrated,not-yet-produced,
R13-009,REQUIREMENTS.md:L625,"All generated actions, dates, review requests, and calendar entries remain proposals until authorized humans decide otherwise.",Keep the system read-only,normative,U02/U09/U10/U11/U12/U13/U17/U20,authority.py / reconcile.py / impacts.py / reviews.py / validate.py,U02/U09/U10/U11/U12/U13/U17/U20 implementation verifier; U20 closure reviewer,T18;T03;T04;T05;T20;T24,"For Keep the system read-only, independently check this leaf: All generated actions, dates, review requests, and calendar entries remain proposals until authorized humans decide otherwise. Apply T18 expected records and artifact observations; failure or unsupported evidence cannot count as demonstrated.",A;S;I;R;M,docs/acceptance-cases.md#t18,not-demonstrated,not-yet-produced,
INT-001,interviews/interview-B-3.md:L13,I spend too much time chasing inconsistent AI-use records and turning them into a review package.,stakeholder 03:05,context,U10/U15/U18,reconcile.py / brief.py / recovery.py,U10/U15/U18 implementation verifier; U20 closure reviewer,T27;T30;T04,"For stakeholder 03:05, independently check this leaf: I spend too much time chasing inconsistent AI-use records and turning them into a review package. Apply T27 expected records and artifact observations; failure or unsupported evidence cannot count as demonstrated.",A;S;I;R;M,docs/acceptance-cases.md#t27,not-demonstrated,not-yet-produced,
INT-002,interviews/interview-B-3.md:L13,"Legal and Operations need to see what the evidence actually supports, what is still uncertain and who needs to act.",stakeholder 03:05,normative,U10/U15/U18,reconcile.py / brief.py / recovery.py,U10/U15/U18 implementation verifier; U20 closure reviewer,T27;T30;T04,"For stakeholder 03:05, independently check this leaf: Legal and Operations need to see what the evidence actually supports, what is still uncertain and who needs to act. Apply T27 expected records and artifact observations; failure or unsupported evidence cannot count as demonstrated.",A;S;I;R;M,docs/acceptance-cases.md#t27,not-demonstrated,not-yet-produced,
INT-003,interviews/interview-B-3.md:L13,I would like repeatable help preparing that package while keeping their decisions with them.,stakeholder 03:05,normative,U10/U15/U18,reconcile.py / brief.py / recovery.py,U10/U15/U18 implementation verifier; U20 closure reviewer,T27;T30;T04,"For stakeholder 03:05, independently check this leaf: I would like repeatable help preparing that package while keeping their decisions with them. Apply T27 expected records and artifact observations; failure or unsupported evidence cannot count as demonstrated.",A;S;I;R;M,docs/acceptance-cases.md#t27,not-demonstrated,not-yet-produced,
INT-004,interviews/interview-B-3.md:L21,"I often struggle with scattered, inconsistent records and conflicting evidence across different systems.",stakeholder 03:07,normative,U10/U15/U18,reconcile.py / brief.py / recovery.py,U10/U15/U18 implementation verifier; U20 closure reviewer,T27;T30;T04,"For stakeholder 03:07, independently check this leaf: I often struggle with scattered, inconsistent records and conflicting evidence across different systems. Apply T27 expected records and artifact observations; failure or unsupported evidence cannot count as demonstrated.",A;S;I;R;M,docs/acceptance-cases.md#t27,not-demonstrated,not-yet-produced,
INT-005,interviews/interview-B-3.md:L21,"It's hard to keep track of missing proof or unapproved exceptions, and I need to ensure that changes to facts propagate correctly through the drafts without overstepping my role.",stakeholder 03:07,normative,U10/U15/U18,reconcile.py / brief.py / recovery.py,U10/U15/U18 implementation verifier; U20 closure reviewer,T27;T30;T04,"For stakeholder 03:07, independently check this leaf: It's hard to keep track of missing proof or unapproved exceptions, and I need to ensure that changes to facts propagate correctly through the drafts without overstepping my role. Apply T27 expected records and artifact observations; failure or unsupported evidence cannot count as demonstrated.",A;S;I;R;M,docs/acceptance-cases.md#t27,not-demonstrated,not-yet-produced,
INT-006,interviews/interview-B-3.md:L29,"I coordinate the Article 50 change-impact work for our EU programme team, covering eight AI systems.",stakeholder 03:08,normative,U07/U10/U17,scope / reconcile.py / validate.py,U07/U10/U17 implementation verifier; U20 closure reviewer,T23;T01;T29,"For stakeholder 03:08, independently check this leaf: I coordinate the Article 50 change-impact work for our EU programme team, covering eight AI systems. Apply T23 expected records and artifact observations; failure or unsupported evidence cannot count as demonstrated.",A;S;I;R;M,docs/acceptance-cases.md#t23,not-demonstrated,not-yet-produced,
INT-007,interviews/interview-B-3.md:L29,"I verify system uses, assess evidence against policy rules, and draft the impact register and calendar for Legal and Operations to make the final decisions.",stakeholder 03:08,normative,U07/U10/U17,scope / reconcile.py / validate.py,U07/U10/U17 implementation verifier; U20 closure reviewer,T23;T01;T29,"For stakeholder 03:08, independently check this leaf: I verify system uses, assess evidence against policy rules, and draft the impact register and calendar for Legal and Operations to make the final decisions. Apply T23 expected records and artifact observations; failure or unsupported evidence cannot count as demonstrated.",A;S;I;R;M,docs/acceptance-cases.md#t23,not-demonstrated,not-yet-produced,
INT-008,interviews/interview-B-3.md:L37,"No, the review audience is specifically Legal and Operations.",stakeholder 03:08,normative,U07/U10/U17,scope / reconcile.py / validate.py,U07/U10/U17 implementation verifier; U20 closure reviewer,T23;T01;T29,"For stakeholder 03:08, independently check this leaf: No, the review audience is specifically Legal and Operations. Apply T23 expected records and artifact observations; failure or unsupported evidence cannot count as demonstrated.",A;S;I;R;M,docs/acceptance-cases.md#t23,not-demonstrated,not-yet-produced,
INT-009,interviews/interview-B-3.md:L37,"They make the final decisions, while system owners help correct and verify the facts regarding their specific systems.",stakeholder 03:08,normative,U07/U10/U17,scope / reconcile.py / validate.py,U07/U10/U17 implementation verifier; U20 closure reviewer,T23;T01;T29,"For stakeholder 03:08, independently check this leaf: They make the final decisions, while system owners help correct and verify the facts regarding their specific systems. Apply T23 expected records and artifact observations; failure or unsupported evidence cannot count as demonstrated.",A;S;I;R;M,docs/acceptance-cases.md#t23,not-demonstrated,not-yet-produced,
INT-010,interviews/interview-B-3.md:L45,"I start by confirming the request scope, including the As-Of date, systems, and recipients.",stakeholder 03:09,normative,U07/U10/U17,scope / reconcile.py / validate.py,U07/U10/U17 implementation verifier; U20 closure reviewer,T23;T01;T29,"For stakeholder 03:09, independently check this leaf: I start by confirming the request scope, including the As-Of date, systems, and recipients. Apply T23 expected records and artifact observations; failure or unsupported evidence cannot count as demonstrated.",A;S;I;R;M,docs/acceptance-cases.md#t23,not-demonstrated,not-yet-produced,
INT-011,interviews/interview-B-3.md:L45,"Then I open binding legislation like Article 50 before comparing our internal policy against each system's actual use, roles, and exposed users.",stakeholder 03:09,normative,U07/U10/U17,scope / reconcile.py / validate.py,U07/U10/U17 implementation verifier; U20 closure reviewer,T23;T01;T29,"For stakeholder 03:09, independently check this leaf: Then I open binding legislation like Article 50 before comparing our internal policy against each system's actual use, roles, and exposed users. Apply T23 expected records and artifact observations; failure or unsupported evidence cannot count as demonstrated.",A;S;I;R;M,docs/acceptance-cases.md#t23,not-demonstrated,not-yet-produced,
INT-012,interviews/interview-B-3.md:L45,"Next, I review all evidence records for conflicts, draft impact proposals, translate them into actionable tasks, and finally reconcile all drafts for Legal and Operations review.",stakeholder 03:09,normative,U07/U10/U17,scope / reconcile.py / validate.py,U07/U10/U17 implementation verifier; U20 closure reviewer,T23;T01;T29,"For stakeholder 03:09, independently check this leaf: Next, I review all evidence records for conflicts, draft impact proposals, translate them into actionable tasks, and finally reconcile all drafts for Legal and Operations review. Apply T23 expected records and artifact observations; failure or unsupported evidence cannot count as demonstrated.",A;S;I;R;M,docs/acceptance-cases.md#t23,not-demonstrated,not-yet-produced,
INT-013,interviews/interview-B-3.md:L53,I use ten distinct sources for this work.,stakeholder 03:09,normative,U07/U10/U17,scope / reconcile.py / validate.py,U07/U10/U17 implementation verifier; U20 closure reviewer,T23;T01;T29,"For stakeholder 03:09, independently check this leaf: I use ten distinct sources for this work. Apply T23 expected records and artifact observations; failure or unsupported evidence cannot count as demonstrated.",A;S;I;R;M,docs/acceptance-cases.md#t23,not-demonstrated,not-yet-produced,
INT-014,interviews/interview-B-3.md:L53,"These include the Article 50 official paragraph text, the Original Official Journal Regulation EU 2024 1689, and the Commission linked Official Journal amendment route.",stakeholder 03:09,normative,U07/U10/U17,scope / reconcile.py / validate.py,U07/U10/U17 implementation verifier; U20 closure reviewer,T23;T01;T29,"For stakeholder 03:09, independently check this leaf: These include the Article 50 official paragraph text, the Original Official Journal Regulation EU 2024 1689, and the Commission linked Official Journal amendment route. Apply T23 expected records and artifact observations; failure or unsupported evidence cannot count as demonstrated.",A;S;I;R;M,docs/acceptance-cases.md#t23,not-demonstrated,not-yet-produced,
INT-015,interviews/interview-B-3.md:L53,I also reference the 27 July 2026 navigation reference and the Official implementation timing context.,stakeholder 03:09,normative,U07/U10/U17,scope / reconcile.py / validate.py,U07/U10/U17 implementation verifier; U20 closure reviewer,T23;T01;T29,"For stakeholder 03:09, independently check this leaf: I also reference the 27 July 2026 navigation reference and the Official implementation timing context. Apply T23 expected records and artifact observations; failure or unsupported evidence cannot count as demonstrated.",A;S;I;R;M,docs/acceptance-cases.md#t23,not-demonstrated,not-yet-produced,
INT-016,interviews/interview-B-3.md:L53,"Finally, I consult the Explanatory Commission Article 50 guidance, our view only internal policy, the current system uses, roles, and status, the incident gap and evidence records, and our action calendar.",stakeholder 03:09,normative,U07/U10/U17,scope / reconcile.py / validate.py,U07/U10/U17 implementation verifier; U20 closure reviewer,T23;T01;T29,"For stakeholder 03:09, independently check this leaf: Finally, I consult the Explanatory Commission Article 50 guidance, our view only internal policy, the current system uses, roles, and status, the incident gap and evidence records, and our action calendar. Apply T23 expected records and artifact observations; failure or unsupported evidence cannot count as demonstrated.",A;S;I;R;M,docs/acceptance-cases.md#t23,not-demonstrated,not-yet-produced,
INT-017,interviews/interview-B-3.md:L55,- [Article 50 official paragraph text](https://ai-act-service-desk.ec.europa.eu/en/ai-act/article-50),stakeholder 03:09 source declaration,normative,U05/U09,source manifest / authority.py,U05/U09 implementation verifier; U20 closure reviewer,T25;T20,"For stakeholder 03:09 source declaration, independently check this leaf: - [Article 50 official paragraph text](https://ai-act-service-desk.ec.europa.eu/en/ai-act/article-50). Apply T25 expected records and artifact observations; failure or unsupported evidence cannot count as demonstrated.",A;S;I;R;M,docs/acceptance-cases.md#t25,not-demonstrated,not-yet-produced,
INT-018,interviews/interview-B-3.md:L56,- [Original Official Journal Regulation (EU) 2024/1689](https://eur-lex.europa.eu/eli/reg/2024/1689/oj/eng),stakeholder 03:09 source declaration,normative,U05/U09,source manifest / authority.py,U05/U09 implementation verifier; U20 closure reviewer,T25;T20,"For stakeholder 03:09 source declaration, independently check this leaf: - [Original Official Journal Regulation (EU) 2024/1689](https://eur-lex.europa.eu/eli/reg/2024/1689/oj/eng). Apply T25 expected records and artifact observations; failure or unsupported evidence cannot count as demonstrated.",A;S;I;R;M,docs/acceptance-cases.md#t25,not-demonstrated,not-yet-produced,
INT-019,interviews/interview-B-3.md:L57,- [Commission-linked Official Journal amendment route](https://eur-lex.europa.eu/legal-content/EN/TXT/?uri=OJ%3AL_202601744),stakeholder 03:09 source declaration,normative,U05/U09,source manifest / authority.py,U05/U09 implementation verifier; U20 closure reviewer,T25;T20,"For stakeholder 03:09 source declaration, independently check this leaf: - [Commission-linked Official Journal amendment route](https://eur-lex.europa.eu/legal-content/EN/TXT/?uri=OJ%3AL_202601744). Apply T25 expected records and artifact observations; failure or unsupported evidence cannot count as demonstrated.",A;S;I;R;M,docs/acceptance-cases.md#t25,not-demonstrated,not-yet-produced,
INT-020,interviews/interview-B-3.md:L58,- [27 July 2026 navigation reference](https://eur-lex.europa.eu/legal-content/EN/TXT/?uri=CELEX:02024R1689-20260727),stakeholder 03:09 source declaration,normative,U05/U09,source manifest / authority.py,U05/U09 implementation verifier; U20 closure reviewer,T25;T20,"For stakeholder 03:09 source declaration, independently check this leaf: - [27 July 2026 navigation reference](https://eur-lex.europa.eu/legal-content/EN/TXT/?uri=CELEX:02024R1689-20260727). Apply T25 expected records and artifact observations; failure or unsupported evidence cannot count as demonstrated.",A;S;I;R;M,docs/acceptance-cases.md#t25,not-demonstrated,not-yet-produced,
INT-021,interviews/interview-B-3.md:L59,- [Official implementation timing context](https://ai-act-service-desk.ec.europa.eu/en/ai-act/eu-ai-act-implementation-timeline),stakeholder 03:09 source declaration,normative,U05/U09,source manifest / authority.py,U05/U09 implementation verifier; U20 closure reviewer,T25;T20,"For stakeholder 03:09 source declaration, independently check this leaf: - [Official implementation timing context](https://ai-act-service-desk.ec.europa.eu/en/ai-act/eu-ai-act-implementation-timeline). Apply T25 expected records and artifact observations; failure or unsupported evidence cannot count as demonstrated.",A;S;I;R;M,docs/acceptance-cases.md#t25,not-demonstrated,not-yet-produced,
INT-022,interviews/interview-B-3.md:L60,- [Explanatory Commission Article 50 guidance](https://digital-strategy.ec.europa.eu/en/faqs/transparency-obligations-under-article-50-ai-act),stakeholder 03:09 source declaration,normative,U05/U09,source manifest / authority.py,U05/U09 implementation verifier; U20 closure reviewer,T25;T20,"For stakeholder 03:09 source declaration, independently check this leaf: - [Explanatory Commission Article 50 guidance](https://digital-strategy.ec.europa.eu/en/faqs/transparency-obligations-under-article-50-ai-act). Apply T25 expected records and artifact observations; failure or unsupported evidence cannot count as demonstrated.",A;S;I;R;M,docs/acceptance-cases.md#t25,not-demonstrated,not-yet-produced,
INT-023,interviews/interview-B-3.md:L61,- [View-only internal policy](https://private-pecorino-70e.notion.site/Project-2-Regulatory-Compliance-Current-Internal-Policies-3ba0b700541e81f09998d48f3b1c2856),stakeholder 03:09 source declaration,normative,U05/U09,source manifest / authority.py,U05/U09 implementation verifier; U20 closure reviewer,T25;T20,"For stakeholder 03:09 source declaration, independently check this leaf: - [View-only internal policy](https://private-pecorino-70e.notion.site/Project-2-Regulatory-Compliance-Current-Internal-Policies-3ba0b700541e81f09998d48f3b1c2856). Apply T25 expected records and artifact observations; failure or unsupported evidence cannot count as demonstrated.",A;S;I;R;M,docs/acceptance-cases.md#t25,not-demonstrated,not-yet-produced,
INT-024,interviews/interview-B-3.md:L62,"- [Current system uses, roles, and status](https://docs.google.com/spreadsheets/d/10ky745H_1h9XbGCXPJsiRp5yfdeU08TZtmrsCMinGgU)",stakeholder 03:09 source declaration,normative,U05/U09,source manifest / authority.py,U05/U09 implementation verifier; U20 closure reviewer,T25;T20,"For stakeholder 03:09 source declaration, independently check this leaf: - [Current system uses, roles, and status](https://docs.google.com/spreadsheets/d/10ky745H_1h9XbGCXPJsiRp5yfdeU08TZtmrsCMinGgU). Apply T25 expected records and artifact observations; failure or unsupported evidence cannot count as demonstrated.",A;S;I;R;M,docs/acceptance-cases.md#t25,not-demonstrated,not-yet-produced,
INT-025,interviews/interview-B-3.md:L72,"- [Incident, gap, and evidence records](https://docs.google.com/spreadsheets/d/19BYZ68OSbsa1i9OfF6MzthrdC6q6mt6IWk6ucI8u7Rk)",stakeholder 03:11 source declaration,normative,U05/U09,source manifest / authority.py,U05/U09 implementation verifier; U20 closure reviewer,T25;T20,"For stakeholder 03:11 source declaration, independently check this leaf: - [Incident, gap, and evidence records](https://docs.google.com/spreadsheets/d/19BYZ68OSbsa1i9OfF6MzthrdC6q6mt6IWk6ucI8u7Rk). Apply T25 expected records and artifact observations; failure or unsupported evidence cannot count as demonstrated.",A;S;I;R;M,docs/acceptance-cases.md#t25,not-demonstrated,not-yet-produced,
INT-026,interviews/interview-B-3.md:L73,- [Action calendar](https://docs.google.com/spreadsheets/d/1xtXl_P7Yb9LaECZjjgtlyI-idoAJTAhH-1gQ4vQaCGA),stakeholder 03:11 source declaration,normative,U05/U09,source manifest / authority.py,U05/U09 implementation verifier; U20 closure reviewer,T25;T20,"For stakeholder 03:11 source declaration, independently check this leaf: - [Action calendar](https://docs.google.com/spreadsheets/d/1xtXl_P7Yb9LaECZjjgtlyI-idoAJTAhH-1gQ4vQaCGA). Apply T25 expected records and artifact observations; failure or unsupported evidence cannot count as demonstrated.",A;S;I;R;M,docs/acceptance-cases.md#t25,not-demonstrated,not-yet-produced,
INT-027,interviews/interview-B-3.md:L81,"Legal owns the final interpretation of the legislation and policy boundaries, Operations owns policy activation, approved dates, and incident closure, while system owners correct facts for their specific systems.",stakeholder 03:11,normative,U09/U10/U13,authority.py / reconcile.py / reviews.py,U09/U10/U13 implementation verifier; U20 closure reviewer,T29;T03;T04;T20,"For stakeholder 03:11, independently check this leaf: Legal owns the final interpretation of the legislation and policy boundaries, Operations owns policy activation, approved dates, and incident closure, while system owners correct facts for their specific systems. Apply T29 expected records and artifact observations; failure or unsupported evidence cannot count as demonstrated.",A;S;I;R;M,docs/acceptance-cases.md#t29,not-demonstrated,not-yet-produced,
INT-028,interviews/interview-B-3.md:L89,I treat missing evidence as unresolved rather than compliant or non-compliant.,stakeholder 03:12,normative,U09/U10/U13,authority.py / reconcile.py / reviews.py,U09/U10/U13 implementation verifier; U20 closure reviewer,T29;T03;T04;T20,"For stakeholder 03:12, independently check this leaf: I treat missing evidence as unresolved rather than compliant or non-compliant. Apply T29 expected records and artifact observations; failure or unsupported evidence cannot count as demonstrated.",A;S;I;R;M,docs/acceptance-cases.md#t29,not-demonstrated,not-yet-produced,
INT-029,interviews/interview-B-3.md:L89,"I distinguish between our internal policy controls and legal questions, and system owners must supply the correct factual information.",stakeholder 03:12,normative,U09/U10/U13,authority.py / reconcile.py / reviews.py,U09/U10/U13 implementation verifier; U20 closure reviewer,T20;T29;T03;T04,"For stakeholder 03:12, independently check this leaf: I distinguish between our internal policy controls and legal questions, and system owners must supply the correct factual information. Apply T20 expected records and artifact observations; failure or unsupported evidence cannot count as demonstrated.",A;S;I;R;M,docs/acceptance-cases.md#t20,not-demonstrated,not-yet-produced,
INT-030,interviews/interview-B-3.md:L97,"System owners verify and update details like actual system usage, provider or deployer roles, notice content, and evidence states for the systems they manage.",stakeholder 03:13,normative,U09/U10/U13,authority.py / reconcile.py / reviews.py,U09/U10/U13 implementation verifier; U20 closure reviewer,T29;T03;T04;T20,"For stakeholder 03:13, independently check this leaf: System owners verify and update details like actual system usage, provider or deployer roles, notice content, and evidence states for the systems they manage. Apply T29 expected records and artifact observations; failure or unsupported evidence cannot count as demonstrated.",A;S;I;R;M,docs/acceptance-cases.md#t29,not-demonstrated,not-yet-produced,
INT-031,interviews/interview-B-3.md:L97,This ensures our records are accurate before Legal and Operations review the drafts.,stakeholder 03:13,normative,U09/U10/U13,authority.py / reconcile.py / reviews.py,U09/U10/U13 implementation verifier; U20 closure reviewer,T29;T03;T04;T20,"For stakeholder 03:13, independently check this leaf: This ensures our records are accurate before Legal and Operations review the drafts. Apply T29 expected records and artifact observations; failure or unsupported evidence cannot count as demonstrated.",A;S;I;R;M,docs/acceptance-cases.md#t29,not-demonstrated,not-yet-produced,
INT-032,interviews/interview-B-3.md:L105,"Legal owns the final interpretation of the legislative texts and any policy boundaries, while Operations manages policy activation and the active records, and system owners verify the factual accuracy of their systems.",stakeholder 03:14,normative,U05/U09/U13,source manifest / authority.py / reviews.py,U05/U09/U13 implementation verifier; U20 closure reviewer,T29;T20;T25,"For stakeholder 03:14, independently check this leaf: Legal owns the final interpretation of the legislative texts and any policy boundaries, while Operations manages policy activation and the active records, and system owners verify the factual accuracy of their systems. Apply T29 expected records and artifact observations; failure or unsupported evidence cannot count as demonstrated.",A;S;I;R;M,docs/acceptance-cases.md#t29,not-demonstrated,not-yet-produced,
INT-033,interviews/interview-B-3.md:L113,"The legislative texts, amending acts, implementation timelines, and official Commission guidance are all external sources.",stakeholder 03:14,normative,U05/U09/U13,source manifest / authority.py / reviews.py,U05/U09/U13 implementation verifier; U20 closure reviewer,T25;T20;T29,"For stakeholder 03:14, independently check this leaf: The legislative texts, amending acts, implementation timelines, and official Commission guidance are all external sources. Apply T25 expected records and artifact observations; failure or unsupported evidence cannot count as demonstrated.",A;S;I;R;M,docs/acceptance-cases.md#t25,not-demonstrated,not-yet-produced,
INT-034,interviews/interview-B-3.md:L113,"Our internal sources are the view-only policy, system registers, evidence records, and the action calendar.",stakeholder 03:14,normative,U05/U09/U13,source manifest / authority.py / reviews.py,U05/U09/U13 implementation verifier; U20 closure reviewer,T25;T20;T29,"For stakeholder 03:14, independently check this leaf: Our internal sources are the view-only policy, system registers, evidence records, and the action calendar. Apply T25 expected records and artifact observations; failure or unsupported evidence cannot count as demonstrated.",A;S;I;R;M,docs/acceptance-cases.md#t25,not-demonstrated,not-yet-produced,
INT-035,interviews/interview-B-3.md:L121,"Yes, binding legislation like Article 50 and the amending acts establish the definitive rules, while the Commission guidance provides explanatory context but lacks independent legal effect.",stakeholder 03:14,normative,U05/U09/U13,source manifest / authority.py / reviews.py,U05/U09/U13 implementation verifier; U20 closure reviewer,T20;T25;T29,"For stakeholder 03:14, independently check this leaf: Yes, binding legislation like Article 50 and the amending acts establish the definitive rules, while the Commission guidance provides explanatory context but lacks independent legal effect. Apply T20 expected records and artifact observations; failure or unsupported evidence cannot count as demonstrated.",A;S;I;R;M,docs/acceptance-cases.md#t20,not-demonstrated,not-yet-produced,
INT-036,interviews/interview-B-3.md:L129,"I escalate when there is unresolved conflicting evidence between records, critical missing facts from system owners, or when decisions on Legal interpretation are needed to finalize the review package.",stakeholder 03:15,normative,U09/U10/U13,authority.py / reconcile.py / reviews.py,U09/U10/U13 implementation verifier; U20 closure reviewer,T29;T03;T04;T20,"For stakeholder 03:15, independently check this leaf: I escalate when there is unresolved conflicting evidence between records, critical missing facts from system owners, or when decisions on Legal interpretation are needed to finalize the review package. Apply T29 expected records and artifact observations; failure or unsupported evidence cannot count as demonstrated.",A;S;I;R;M,docs/acceptance-cases.md#t29,not-demonstrated,not-yet-produced,
INT-037,interviews/interview-B-3.md:L137,"I escalate questions regarding legal interpretation to Legal, and unresolved factual or operational matters to Operations.",stakeholder 03:15,normative,U09/U10/U13,authority.py / reconcile.py / reviews.py,U09/U10/U13 implementation verifier; U20 closure reviewer,T29;T03;T04;T20,"For stakeholder 03:15, independently check this leaf: I escalate questions regarding legal interpretation to Legal, and unresolved factual or operational matters to Operations. Apply T29 expected records and artifact observations; failure or unsupported evidence cannot count as demonstrated.",A;S;I;R;M,docs/acceptance-cases.md#t29,not-demonstrated,not-yet-produced,
INT-038,interviews/interview-B-3.md:L145,"The individual system owners are responsible for providing the correct facts for their systems, as they manage the specific details and evidence.",stakeholder 03:16,normative,U09/U10/U13,authority.py / reconcile.py / reviews.py,U09/U10/U13 implementation verifier; U20 closure reviewer,T29;T03;T04;T20,"For stakeholder 03:16, independently check this leaf: The individual system owners are responsible for providing the correct facts for their systems, as they manage the specific details and evidence. Apply T29 expected records and artifact observations; failure or unsupported evidence cannot count as demonstrated.",A;S;I;R;M,docs/acceptance-cases.md#t29,not-demonstrated,not-yet-produced,
INT-039,interviews/interview-B-3.md:L153,I keep contradictory records separate and ask the system owners to verify the facts.,stakeholder 03:16,normative,U09/U10/U13,authority.py / reconcile.py / reviews.py,U09/U10/U13 implementation verifier; U20 closure reviewer,T29;T03;T04;T20,"For stakeholder 03:16, independently check this leaf: I keep contradictory records separate and ask the system owners to verify the facts. Apply T29 expected records and artifact observations; failure or unsupported evidence cannot count as demonstrated.",A;S;I;R;M,docs/acceptance-cases.md#t29,not-demonstrated,not-yet-produced,
INT-040,interviews/interview-B-3.md:L153,Unavailable evidence is marked as unresolved rather than compliant or non-compliant until the necessary information is supplied.,stakeholder 03:16,normative,U09/U10/U13,authority.py / reconcile.py / reviews.py,U09/U10/U13 implementation verifier; U20 closure reviewer,T29;T03;T04;T20,"For stakeholder 03:16, independently check this leaf: Unavailable evidence is marked as unresolved rather than compliant or non-compliant until the necessary information is supplied. Apply T29 expected records and artifact observations; failure or unsupported evidence cannot count as demonstrated.",A;S;I;R;M,docs/acceptance-cases.md#t29,not-demonstrated,not-yet-produced,
INT-041,interviews/interview-B-3.md:L161,"I draft reasoned impact proposals based on the evidence, then propose actions, owners, and dates in the draft calendar, ensuring all changes propagate across drafts.",stakeholder 03:17,normative,U12/U15/U16,actions.py / renderers,U12/U15/U16 implementation verifier; U20 closure reviewer,T11;T27,"For stakeholder 03:17, independently check this leaf: I draft reasoned impact proposals based on the evidence, then propose actions, owners, and dates in the draft calendar, ensuring all changes propagate across drafts. Apply T11 expected records and artifact observations; failure or unsupported evidence cannot count as demonstrated.",A;S;I;R;M,docs/acceptance-cases.md#t11,not-demonstrated,not-yet-produced,
INT-042,interviews/interview-B-3.md:L161,"For detailed action tracking, you can review the action calendar.",stakeholder 03:17,normative,U12/U15/U16,actions.py / renderers,U12/U15/U16 implementation verifier; U20 closure reviewer,T11;T27,"For stakeholder 03:17, independently check this leaf: For detailed action tracking, you can review the action calendar. Apply T11 expected records and artifact observations; failure or unsupported evidence cannot count as demonstrated.",A;S;I;R;M,docs/acceptance-cases.md#t11,not-demonstrated,not-yet-produced,
INT-043,interviews/interview-B-3.md:L163,- [CALENDAR](https://docs.google.com/spreadsheets/d/1xtXl_P7Yb9LaECZjjgtlyI-idoAJTAhH-1gQ4vQaCGA),stakeholder 03:17 source declaration,normative,U05/U09,source manifest / authority.py,U05/U09 implementation verifier; U20 closure reviewer,T25;T20,"For stakeholder 03:17 source declaration, independently check this leaf: - [CALENDAR](https://docs.google.com/spreadsheets/d/1xtXl_P7Yb9LaECZjjgtlyI-idoAJTAhH-1gQ4vQaCGA). Apply T25 expected records and artifact observations; failure or unsupported evidence cannot count as demonstrated.",A;S;I;R;M,docs/acceptance-cases.md#t25,not-demonstrated,not-yet-produced,
INT-044,interviews/interview-B-3.md:L167,"Legal reviews my reasoned impact findings, while Operations handles the proposed action dates.",stakeholder 03:17,normative,U12/U15/U16,actions.py / renderers,U12/U15/U16 implementation verifier; U20 closure reviewer,T11;T27,"For stakeholder 03:17, independently check this leaf: Legal reviews my reasoned impact findings, while Operations handles the proposed action dates. Apply T11 expected records and artifact observations; failure or unsupported evidence cannot count as demonstrated.",A;S;I;R;M,docs/acceptance-cases.md#t11,not-demonstrated,not-yet-produced,
INT-045,interviews/interview-B-3.md:L175,"Legal must approve final interpretations of compliance findings and any exceptions, while Operations approves the action calendar dates, policy activations, and specific incident resolutions.",stakeholder 03:18,normative,U09/U10/U13,authority.py / reconcile.py / reviews.py,U09/U10/U13 implementation verifier; U20 closure reviewer,T29;T03;T04;T20,"For stakeholder 03:18, independently check this leaf: Legal must approve final interpretations of compliance findings and any exceptions, while Operations approves the action calendar dates, policy activations, and specific incident resolutions. Apply T29 expected records and artifact observations; failure or unsupported evidence cannot count as demonstrated.",A;S;I;R;M,docs/acceptance-cases.md#t29,not-demonstrated,not-yet-produced,
INT-046,interviews/interview-B-3.md:L183,Legal determines the final interpretation of compliance findings and resolves any conflicts between external legal requirements and internal policy controls.,stakeholder 03:19,normative,U09/U10/U13,authority.py / reconcile.py / reviews.py,U09/U10/U13 implementation verifier; U20 closure reviewer,T29;T03;T04;T20,"For stakeholder 03:19, independently check this leaf: Legal determines the final interpretation of compliance findings and resolves any conflicts between external legal requirements and internal policy controls. Apply T29 expected records and artifact observations; failure or unsupported evidence cannot count as demonstrated.",A;S;I;R;M,docs/acceptance-cases.md#t29,not-demonstrated,not-yet-produced,
INT-047,interviews/interview-B-3.md:L191,"My role focuses strictly on preparing the Article 50 compliance review package, so I do not handle system pricing or procurement negotiations.",stakeholder 03:20,context,U10/U13,reconcile.py / reviews.py,U10/U13 implementation verifier; U20 closure reviewer,T29;T03,"For stakeholder 03:20, independently check this leaf: My role focuses strictly on preparing the Article 50 compliance review package, so I do not handle system pricing or procurement negotiations. Apply T29 expected records and artifact observations; failure or unsupported evidence cannot count as demonstrated.",A;S;I;R;M,docs/acceptance-cases.md#t29,not-demonstrated,not-yet-produced,
INT-048,interviews/interview-B-3.md:L199,"I most often encounter unresolved conflicting evidence or missing facts from system owners, such as unverified notices or unsupported claims of machine-readable provenance.",stakeholder 03:20,normative,U10/U13,reconcile.py / reviews.py,U10/U13 implementation verifier; U20 closure reviewer,T03;T29,"For stakeholder 03:20, independently check this leaf: I most often encounter unresolved conflicting evidence or missing facts from system owners, such as unverified notices or unsupported claims of machine-readable provenance. Apply T03 expected records and artifact observations; failure or unsupported evidence cannot count as demonstrated.",A;S;I;R;M,docs/acceptance-cases.md#t03,not-demonstrated,not-yet-produced,
INT-049,interviews/interview-B-3.md:L199,Stale role information and unapproved exceptions also frequently cause gaps.,stakeholder 03:20,normative,U10/U13,reconcile.py / reviews.py,U10/U13 implementation verifier; U20 closure reviewer,T29;T03,"For stakeholder 03:20, independently check this leaf: Stale role information and unapproved exceptions also frequently cause gaps. Apply T29 expected records and artifact observations; failure or unsupported evidence cannot count as demonstrated.",A;S;I;R;M,docs/acceptance-cases.md#t29,not-demonstrated,not-yet-produced,
INT-050,interviews/interview-B-3.md:L207,"I start by confirming the review scope, as-of date, and systems.",stakeholder 03:21,normative,U07/U10/U17,scope / reconcile.py / validate.py,U07/U10/U17 implementation verifier; U20 closure reviewer,T23;T01;T29,"For stakeholder 03:21, independently check this leaf: I start by confirming the review scope, as-of date, and systems. Apply T23 expected records and artifact observations; failure or unsupported evidence cannot count as demonstrated.",A;S;I;R;M,docs/acceptance-cases.md#t23,not-demonstrated,not-yet-produced,
INT-051,interviews/interview-B-3.md:L207,"Next, I examine the relevant legal texts and timelines.",stakeholder 03:21,normative,U07/U10/U17,scope / reconcile.py / validate.py,U07/U10/U17 implementation verifier; U20 closure reviewer,T20;T23;T01;T29,"For stakeholder 03:21, independently check this leaf: Next, I examine the relevant legal texts and timelines. Apply T20 expected records and artifact observations; failure or unsupported evidence cannot count as demonstrated.",A;S;I;R;M,docs/acceptance-cases.md#t20,not-demonstrated,not-yet-produced,
INT-052,interviews/interview-B-3.md:L207,"Then, I assess each system against internal policies, review all evidence records, and draft reasoned impact proposals.",stakeholder 03:21,normative,U07/U10/U17,scope / reconcile.py / validate.py,U07/U10/U17 implementation verifier; U20 closure reviewer,T29;T23;T01,"For stakeholder 03:21, independently check this leaf: Then, I assess each system against internal policies, review all evidence records, and draft reasoned impact proposals. Apply T29 expected records and artifact observations; failure or unsupported evidence cannot count as demonstrated.",A;S;I;R;M,docs/acceptance-cases.md#t29,not-demonstrated,not-yet-produced,
INT-053,interviews/interview-B-3.md:L207,"Finally, I propose actions and dates, compiling everything into the draft review package.",stakeholder 03:21,normative,U07/U10/U17,scope / reconcile.py / validate.py,U07/U10/U17 implementation verifier; U20 closure reviewer,T11;T23;T01;T29,"For stakeholder 03:21, independently check this leaf: Finally, I propose actions and dates, compiling everything into the draft review package. Apply T11 expected records and artifact observations; failure or unsupported evidence cannot count as demonstrated.",A;S;I;R;M,docs/acceptance-cases.md#t11,not-demonstrated,not-yet-produced,
INT-054,interviews/interview-B-3.md:L215,"I confirm the review scope, the as-of date, and all relevant system IDs.",stakeholder 03:21,normative,U07/U10/U17,scope / reconcile.py / validate.py,U07/U10/U17 implementation verifier; U20 closure reviewer,T23;T01;T29,"For stakeholder 03:21, independently check this leaf: I confirm the review scope, the as-of date, and all relevant system IDs. Apply T23 expected records and artifact observations; failure or unsupported evidence cannot count as demonstrated.",A;S;I;R;M,docs/acceptance-cases.md#t23,not-demonstrated,not-yet-produced,
INT-055,interviews/interview-B-3.md:L215,"For this review, the as-of date is 26 August 2026, and I ensure all eight systems are accounted for across the SYSTEMS, EVIDENCE, and CALENDAR registers.",stakeholder 03:21,normative,U07/U10/U17,scope / reconcile.py / validate.py,U07/U10/U17 implementation verifier; U20 closure reviewer,T23;T01;T29,"For stakeholder 03:21, independently check this leaf: For this review, the as-of date is 26 August 2026, and I ensure all eight systems are accounted for across the SYSTEMS, EVIDENCE, and CALENDAR registers. Apply T23 expected records and artifact observations; failure or unsupported evidence cannot count as demonstrated.",A;S;I;R;M,docs/acceptance-cases.md#t23,not-demonstrated,not-yet-produced,
INT-056,interviews/interview-B-3.md:L215,I also make sure the package is prepared for Legal and Operations.,stakeholder 03:21,normative,U07/U10/U17,scope / reconcile.py / validate.py,U07/U10/U17 implementation verifier; U20 closure reviewer,T23;T01;T29,"For stakeholder 03:21, independently check this leaf: I also make sure the package is prepared for Legal and Operations. Apply T23 expected records and artifact observations; failure or unsupported evidence cannot count as demonstrated.",A;S;I;R;M,docs/acceptance-cases.md#t23,not-demonstrated,not-yet-produced,
INT-057,interviews/interview-B-3.md:L223,"I compile an impact register, a concise brief, and a draft action calendar.",stakeholder 03:22,normative,U05/U09/U13,source manifest / authority.py / reviews.py,U05/U09/U13 implementation verifier; U20 closure reviewer,T27;T20;T25;T29,"For stakeholder 03:22, independently check this leaf: I compile an impact register, a concise brief, and a draft action calendar. Apply T27 expected records and artifact observations; failure or unsupported evidence cannot count as demonstrated.",A;S;I;R;M,docs/acceptance-cases.md#t27,not-demonstrated,not-yet-produced,
INT-058,interviews/interview-B-3.md:L223,"I ensure all factual gaps, conflicts, and pending decisions are clearly visible so that Legal and Operations can make informed decisions.",stakeholder 03:22,normative,U05/U09/U13,source manifest / authority.py / reviews.py,U05/U09/U13 implementation verifier; U20 closure reviewer,T27;T20;T25;T29,"For stakeholder 03:22, independently check this leaf: I ensure all factual gaps, conflicts, and pending decisions are clearly visible so that Legal and Operations can make informed decisions. Apply T27 expected records and artifact observations; failure or unsupported evidence cannot count as demonstrated.",A;S;I;R;M,docs/acceptance-cases.md#t27,not-demonstrated,not-yet-produced,
INT-059,interviews/interview-B-3.md:L231,"I examine the binding Article 50 text in the LAW source, alongside the rules in OJ, AMEND, and CONSOLIDATED.",stakeholder 03:22,normative,U05/U09/U13,source manifest / authority.py / reviews.py,U05/U09/U13 implementation verifier; U20 closure reviewer,T20;T25;T29,"For stakeholder 03:22, independently check this leaf: I examine the binding Article 50 text in the LAW source, alongside the rules in OJ, AMEND, and CONSOLIDATED. Apply T20 expected records and artifact observations; failure or unsupported evidence cannot count as demonstrated.",A;S;I;R;M,docs/acceptance-cases.md#t20,not-demonstrated,not-yet-produced,
INT-060,interviews/interview-B-3.md:L231,I also review TIME for implementation deadlines and FAQ for explanatory context.,stakeholder 03:22,normative,U05/U09/U13,source manifest / authority.py / reviews.py,U05/U09/U13 implementation verifier; U20 closure reviewer,T20;T25;T29,"For stakeholder 03:22, independently check this leaf: I also review TIME for implementation deadlines and FAQ for explanatory context. Apply T20 expected records and artifact observations; failure or unsupported evidence cannot count as demonstrated.",A;S;I;R;M,docs/acceptance-cases.md#t20,not-demonstrated,not-yet-produced,
INT-061,interviews/interview-B-3.md:L233,- [LAW](https://ai-act-service-desk.ec.europa.eu/en/ai-act/article-50),stakeholder 03:22 source declaration,normative,U05/U09,source manifest / authority.py,U05/U09 implementation verifier; U20 closure reviewer,T25;T20,"For stakeholder 03:22 source declaration, independently check this leaf: - [LAW](https://ai-act-service-desk.ec.europa.eu/en/ai-act/article-50). Apply T25 expected records and artifact observations; failure or unsupported evidence cannot count as demonstrated.",A;S;I;R;M,docs/acceptance-cases.md#t25,not-demonstrated,not-yet-produced,
INT-062,interviews/interview-B-3.md:L234,- [OJ](https://eur-lex.europa.eu/eli/reg/2024/1689/oj/eng),stakeholder 03:22 source declaration,normative,U05/U09,source manifest / authority.py,U05/U09 implementation verifier; U20 closure reviewer,T25;T20,"For stakeholder 03:22 source declaration, independently check this leaf: - [OJ](https://eur-lex.europa.eu/eli/reg/2024/1689/oj/eng). Apply T25 expected records and artifact observations; failure or unsupported evidence cannot count as demonstrated.",A;S;I;R;M,docs/acceptance-cases.md#t25,not-demonstrated,not-yet-produced,
INT-063,interviews/interview-B-3.md:L235,- [AMEND](https://eur-lex.europa.eu/legal-content/EN/TXT/?uri=OJ%3AL_202601744),stakeholder 03:22 source declaration,normative,U05/U09,source manifest / authority.py,U05/U09 implementation verifier; U20 closure reviewer,T25;T20,"For stakeholder 03:22 source declaration, independently check this leaf: - [AMEND](https://eur-lex.europa.eu/legal-content/EN/TXT/?uri=OJ%3AL_202601744). Apply T25 expected records and artifact observations; failure or unsupported evidence cannot count as demonstrated.",A;S;I;R;M,docs/acceptance-cases.md#t25,not-demonstrated,not-yet-produced,
INT-064,interviews/interview-B-3.md:L236,- [CONSOLIDATED](https://eur-lex.europa.eu/legal-content/EN/TXT/?uri=CELEX:02024R1689-20260727),stakeholder 03:22 source declaration,normative,U05/U09,source manifest / authority.py,U05/U09 implementation verifier; U20 closure reviewer,T25;T20,"For stakeholder 03:22 source declaration, independently check this leaf: - [CONSOLIDATED](https://eur-lex.europa.eu/legal-content/EN/TXT/?uri=CELEX:02024R1689-20260727). Apply T25 expected records and artifact observations; failure or unsupported evidence cannot count as demonstrated.",A;S;I;R;M,docs/acceptance-cases.md#t25,not-demonstrated,not-yet-produced,
INT-065,interviews/interview-B-3.md:L237,- [TIME](https://ai-act-service-desk.ec.europa.eu/en/ai-act/eu-ai-act-implementation-timeline),stakeholder 03:22 source declaration,normative,U05/U09,source manifest / authority.py,U05/U09 implementation verifier; U20 closure reviewer,T25;T20,"For stakeholder 03:22 source declaration, independently check this leaf: - [TIME](https://ai-act-service-desk.ec.europa.eu/en/ai-act/eu-ai-act-implementation-timeline). Apply T25 expected records and artifact observations; failure or unsupported evidence cannot count as demonstrated.",A;S;I;R;M,docs/acceptance-cases.md#t25,not-demonstrated,not-yet-produced,
INT-066,interviews/interview-B-3.md:L238,- [FAQ](https://digital-strategy.ec.europa.eu/en/faqs/transparency-obligations-under-article-50-ai-act),stakeholder 03:22 source declaration,normative,U05/U09,source manifest / authority.py,U05/U09 implementation verifier; U20 closure reviewer,T25;T20,"For stakeholder 03:22 source declaration, independently check this leaf: - [FAQ](https://digital-strategy.ec.europa.eu/en/faqs/transparency-obligations-under-article-50-ai-act). Apply T25 expected records and artifact observations; failure or unsupported evidence cannot count as demonstrated.",A;S;I;R;M,docs/acceptance-cases.md#t25,not-demonstrated,not-yet-produced,
INT-067,interviews/interview-B-3.md:L250,"I assess each system using system IDs to compare actual use, role, and disclosure states against the rules in POLICY using SYSTEMS.",stakeholder 03:24,normative,U10/U11,reconcile.py / impacts.py,U10/U11 implementation verifier; U20 closure reviewer,T29;T04,"For stakeholder 03:24, independently check this leaf: I assess each system using system IDs to compare actual use, role, and disclosure states against the rules in POLICY using SYSTEMS. Apply T29 expected records and artifact observations; failure or unsupported evidence cannot count as demonstrated.",A;S;I;R;M,docs/acceptance-cases.md#t29,not-demonstrated,not-yet-produced,
INT-068,interviews/interview-B-3.md:L250,"I then review every record in EVIDENCE alongside CALENDAR to handle conflicts, drafting proposals only where evidence supports it.",stakeholder 03:24,normative,U10/U11,reconcile.py / impacts.py,U10/U11 implementation verifier; U20 closure reviewer,T29;T04,"For stakeholder 03:24, independently check this leaf: I then review every record in EVIDENCE alongside CALENDAR to handle conflicts, drafting proposals only where evidence supports it. Apply T29 expected records and artifact observations; failure or unsupported evidence cannot count as demonstrated.",A;S;I;R;M,docs/acceptance-cases.md#t29,not-demonstrated,not-yet-produced,
INT-069,interviews/interview-B-3.md:L252,- [POLICY](https://private-pecorino-70e.notion.site/Project-2-Regulatory-Compliance-Current-Internal-Policies-3ba0b700541e81f09998d48f3b1c2856),stakeholder 03:24 source declaration,normative,U05/U09,source manifest / authority.py,U05/U09 implementation verifier; U20 closure reviewer,T25;T20,"For stakeholder 03:24 source declaration, independently check this leaf: - [POLICY](https://private-pecorino-70e.notion.site/Project-2-Regulatory-Compliance-Current-Internal-Policies-3ba0b700541e81f09998d48f3b1c2856). Apply T25 expected records and artifact observations; failure or unsupported evidence cannot count as demonstrated.",A;S;I;R;M,docs/acceptance-cases.md#t25,not-demonstrated,not-yet-produced,
INT-070,interviews/interview-B-3.md:L253,- [SYSTEMS](https://docs.google.com/spreadsheets/d/10ky745H_1h9XbGCXPJsiRp5yfdeU08TZtmrsCMinGgU),stakeholder 03:24 source declaration,normative,U05/U09,source manifest / authority.py,U05/U09 implementation verifier; U20 closure reviewer,T25;T20,"For stakeholder 03:24 source declaration, independently check this leaf: - [SYSTEMS](https://docs.google.com/spreadsheets/d/10ky745H_1h9XbGCXPJsiRp5yfdeU08TZtmrsCMinGgU). Apply T25 expected records and artifact observations; failure or unsupported evidence cannot count as demonstrated.",A;S;I;R;M,docs/acceptance-cases.md#t25,not-demonstrated,not-yet-produced,
INT-071,interviews/interview-B-3.md:L254,- [EVIDENCE](https://docs.google.com/spreadsheets/d/19BYZ68OSbsa1i9OfF6MzthrdC6q6mt6IWk6ucI8u7Rk),stakeholder 03:24 source declaration,normative,U05/U09,source manifest / authority.py,U05/U09 implementation verifier; U20 closure reviewer,T25;T20,"For stakeholder 03:24 source declaration, independently check this leaf: - [EVIDENCE](https://docs.google.com/spreadsheets/d/19BYZ68OSbsa1i9OfF6MzthrdC6q6mt6IWk6ucI8u7Rk). Apply T25 expected records and artifact observations; failure or unsupported evidence cannot count as demonstrated.",A;S;I;R;M,docs/acceptance-cases.md#t25,not-demonstrated,not-yet-produced,
INT-072,interviews/interview-B-3.md:L262,"I turn the findings into proposed actions, responsible owners, and dates using the CALENDAR, checking existing actions to avoid duplication.",stakeholder 03:26,normative,U12/U15/U16,actions.py / renderers,U12/U15/U16 implementation verifier; U20 closure reviewer,T11;T27,"For stakeholder 03:26, independently check this leaf: I turn the findings into proposed actions, responsible owners, and dates using the CALENDAR, checking existing actions to avoid duplication. Apply T11 expected records and artifact observations; failure or unsupported evidence cannot count as demonstrated.",A;S;I;R;M,docs/acceptance-cases.md#t11,not-demonstrated,not-yet-produced,
INT-073,interviews/interview-B-3.md:L262,"Then, I compile the impact register, brief, and draft calendar, ensuring all unresolved facts and pending decisions are clearly visible for Legal and Operations.",stakeholder 03:26,normative,U12/U15/U16,actions.py / renderers,U12/U15/U16 implementation verifier; U20 closure reviewer,T11;T27,"For stakeholder 03:26, independently check this leaf: Then, I compile the impact register, brief, and draft calendar, ensuring all unresolved facts and pending decisions are clearly visible for Legal and Operations. Apply T11 expected records and artifact observations; failure or unsupported evidence cannot count as demonstrated.",A;S;I;R;M,docs/acceptance-cases.md#t11,not-demonstrated,not-yet-produced,
INT-074,interviews/interview-B-3.md:L264,- [CALENDAR](https://docs.google.com/spreadsheets/d/1xtXl_P7Yb9LaECZjjgtlyI-idoAJTAhH-1gQ4vQaCGA),stakeholder 03:26 source declaration,normative,U05/U09,source manifest / authority.py,U05/U09 implementation verifier; U20 closure reviewer,T25;T20,"For stakeholder 03:26 source declaration, independently check this leaf: - [CALENDAR](https://docs.google.com/spreadsheets/d/1xtXl_P7Yb9LaECZjjgtlyI-idoAJTAhH-1gQ4vQaCGA). Apply T25 expected records and artifact observations; failure or unsupported evidence cannot count as demonstrated.",A;S;I;R;M,docs/acceptance-cases.md#t25,not-demonstrated,not-yet-produced,
INT-075,interviews/interview-B-3.md:L272,"I have shared the ten core sources needed for this review, including the legal basis, internal policies, and operational registers.",stakeholder 03:27,normative,U05,source manifest,U05 implementation verifier; U20 closure reviewer,T25,"For stakeholder 03:27, independently check this leaf: I have shared the ten core sources needed for this review, including the legal basis, internal policies, and operational registers. Apply T25 expected records and artifact observations; failure or unsupported evidence cannot count as demonstrated.",A;S;I;R;M,docs/acceptance-cases.md#t25,not-demonstrated,not-yet-produced,
INT-076,interviews/interview-B-3.md:L280,"The operational registers include the SYSTEMS register, the EVIDENCE register, and the CALENDAR for actions.",stakeholder 03:27,normative,U05,source manifest,U05 implementation verifier; U20 closure reviewer,T25,"For stakeholder 03:27, independently check this leaf: The operational registers include the SYSTEMS register, the EVIDENCE register, and the CALENDAR for actions. Apply T25 expected records and artifact observations; failure or unsupported evidence cannot count as demonstrated.",A;S;I;R;M,docs/acceptance-cases.md#t25,not-demonstrated,not-yet-produced,
INT-077,interviews/interview-B-3.md:L280,Each one is essential for compiling the draft review package.,stakeholder 03:27,normative,U05,source manifest,U05 implementation verifier; U20 closure reviewer,T25,"For stakeholder 03:27, independently check this leaf: Each one is essential for compiling the draft review package. Apply T25 expected records and artifact observations; failure or unsupported evidence cannot count as demonstrated.",A;S;I;R;M,docs/acceptance-cases.md#t25,not-demonstrated,not-yet-produced,
INT-078,interviews/interview-B-3.md:L281,- [EVIDENCE](https://docs.google.com/spreadsheets/d/19BYZ68OSbsa1i9OfF6MzthrdC6q6mt6IWk6ucI8u7Rk),stakeholder 03:27 source declaration,normative,U05/U09,source manifest / authority.py,U05/U09 implementation verifier; U20 closure reviewer,T25;T20,"For stakeholder 03:27 source declaration, independently check this leaf: - [EVIDENCE](https://docs.google.com/spreadsheets/d/19BYZ68OSbsa1i9OfF6MzthrdC6q6mt6IWk6ucI8u7Rk). Apply T25 expected records and artifact observations; failure or unsupported evidence cannot count as demonstrated.",A;S;I;R;M,docs/acceptance-cases.md#t25,not-demonstrated,not-yet-produced,
INT-079,interviews/interview-B-3.md:L282,- [CALENDAR](https://docs.google.com/spreadsheets/d/1xtXl_P7Yb9LaECZjjgtlyI-idoAJTAhH-1gQ4vQaCGA),stakeholder 03:27 source declaration,normative,U05/U09,source manifest / authority.py,U05/U09 implementation verifier; U20 closure reviewer,T25;T20,"For stakeholder 03:27 source declaration, independently check this leaf: - [CALENDAR](https://docs.google.com/spreadsheets/d/1xtXl_P7Yb9LaECZjjgtlyI-idoAJTAhH-1gQ4vQaCGA). Apply T25 expected records and artifact observations; failure or unsupported evidence cannot count as demonstrated.",A;S;I;R;M,docs/acceptance-cases.md#t25,not-demonstrated,not-yet-produced,
INT-080,interviews/interview-B-3.md:L294,I am glad we could go over the workflow and the registers together.,stakeholder 03:28,conversational/non-normative,,,,,,,,not-applicable-with-basis,docs/verification/interview-meaning-inventory.csv,Courtesy expressing satisfaction with the conversation; asserts no business requirement.
INT-081,interviews/interview-B-3.md:L302,"I verify that the feedback matches the specific request, subject, version, and authorized role.",stakeholder 03:37,normative,U13/U17/U18,reviews.py / validate.py / history.py,U13/U17/U18 implementation verifier; U20 closure reviewer,T12;T13,"For stakeholder 03:37, independently check this leaf: I verify that the feedback matches the specific request, subject, version, and authorized role. Apply T12 expected records and artifact observations; failure or unsupported evidence cannot count as demonstrated.",A;S;I;R;M,docs/acceptance-cases.md#t12,not-demonstrated,not-yet-produced,
INT-082,interviews/interview-B-3.md:L302,"If verified, I incorporate the outcomes and conditions, propagating any changes in dates or decisions across the drafts, leaving final interpretations to Legal and Operations.",stakeholder 03:37,normative,U13/U17/U18,reviews.py / validate.py / history.py,U13/U17/U18 implementation verifier; U20 closure reviewer,T13;T12,"For stakeholder 03:37, independently check this leaf: If verified, I incorporate the outcomes and conditions, propagating any changes in dates or decisions across the drafts, leaving final interpretations to Legal and Operations. Apply T13 expected records and artifact observations; failure or unsupported evidence cannot count as demonstrated.",A;S;I;R;M,docs/acceptance-cases.md#t13,not-demonstrated,not-yet-produced,
INT-083,interviews/interview-B-3.md:L310,"The authorized role means Legal confirms legal interpretations and interpretation of the rules, while Operations authorizes operational dates and policy activation decisions.",stakeholder 03:37,normative,U13/U17/U18,reviews.py / validate.py / history.py,U13/U17/U18 implementation verifier; U20 closure reviewer,T12;T13,"For stakeholder 03:37, independently check this leaf: The authorized role means Legal confirms legal interpretations and interpretation of the rules, while Operations authorizes operational dates and policy activation decisions. Apply T12 expected records and artifact observations; failure or unsupported evidence cannot count as demonstrated.",A;S;I;R;M,docs/acceptance-cases.md#t12,not-demonstrated,not-yet-produced,
INT-084,interviews/interview-B-3.md:L326,"The SYSTEMS register helps me compare actual system uses, provider and deployer roles, and disclosure states against our policy.",stakeholder 04:35,normative,U06/U10/U11/U13,field dictionary / reconcile.py / impacts.py / reviews.py,U06/U10/U11/U13 implementation verifier; U20 closure reviewer,T29;T06,"For stakeholder 04:35, independently check this leaf: The SYSTEMS register helps me compare actual system uses, provider and deployer roles, and disclosure states against our policy. Apply T29 expected records and artifact observations; failure or unsupported evidence cannot count as demonstrated.",A;S;I;R;M,docs/acceptance-cases.md#t29,not-demonstrated,not-yet-produced,
INT-085,interviews/interview-B-3.md:L326,"Important fields include the system ID, exposed groups, notice details, and human-review paths.",stakeholder 04:35,normative,U06/U10/U11/U13,field dictionary / reconcile.py / impacts.py / reviews.py,U06/U10/U11/U13 implementation verifier; U20 closure reviewer,T29;T06,"For stakeholder 04:35, independently check this leaf: Important fields include the system ID, exposed groups, notice details, and human-review paths. Apply T29 expected records and artifact observations; failure or unsupported evidence cannot count as demonstrated.",A;S;I;R;M,docs/acceptance-cases.md#t29,not-demonstrated,not-yet-produced,
INT-086,interviews/interview-B-3.md:L326,"Labels like yes, no, and visible label have distinct meanings and require careful verification.",stakeholder 04:35,normative,U06/U10/U11/U13,field dictionary / reconcile.py / impacts.py / reviews.py,U06/U10/U11/U13 implementation verifier; U20 closure reviewer,T29;T06,"For stakeholder 04:35, independently check this leaf: Labels like yes, no, and visible label have distinct meanings and require careful verification. Apply T29 expected records and artifact observations; failure or unsupported evidence cannot count as demonstrated.",A;S;I;R;M,docs/acceptance-cases.md#t29,not-demonstrated,not-yet-produced,
INT-087,interviews/interview-B-3.md:L330,"We track whether a notice is provided prior to interaction, the actual output generated, and how human review is conducted.",stakeholder 04:35,normative,U06/U10/U11/U13,field dictionary / reconcile.py / impacts.py / reviews.py,U06/U10/U11/U13 implementation verifier; U20 closure reviewer,T29;T06,"For stakeholder 04:35, independently check this leaf: We track whether a notice is provided prior to interaction, the actual output generated, and how human review is conducted. Apply T29 expected records and artifact observations; failure or unsupported evidence cannot count as demonstrated.",A;S;I;R;M,docs/acceptance-cases.md#t29,not-demonstrated,not-yet-produced,
INT-088,interviews/interview-B-3.md:L330,It is crucial to distinguish between labels like visible label and machine-readable provenance to avoid invalid compliance assumptions.,stakeholder 04:35,normative,U06/U10/U11/U13,field dictionary / reconcile.py / impacts.py / reviews.py,U06/U10/U11/U13 implementation verifier; U20 closure reviewer,T29;T06,"For stakeholder 04:35, independently check this leaf: It is crucial to distinguish between labels like visible label and machine-readable provenance to avoid invalid compliance assumptions. Apply T29 expected records and artifact observations; failure or unsupported evidence cannot count as demonstrated.",A;S;I;R;M,docs/acceptance-cases.md#t29,not-demonstrated,not-yet-produced,
INT-089,interviews/interview-B-3.md:L338,Those labels indicate exactly what has been confirmed or is still incomplete.,stakeholder 04:36,normative,U06/U10/U11/U13,field dictionary / reconcile.py / impacts.py / reviews.py,U06/U10/U11/U13 implementation verifier; U20 closure reviewer,T29;T06,"For stakeholder 04:36, independently check this leaf: Those labels indicate exactly what has been confirmed or is still incomplete. Apply T29 expected records and artifact observations; failure or unsupported evidence cannot count as demonstrated.",A;S;I;R;M,docs/acceptance-cases.md#t29,not-demonstrated,not-yet-produced,
INT-090,interviews/interview-B-3.md:L338,"For example, a ""yes"" or ""no"" must perfectly align with actual evidence documented in the registros.",stakeholder 04:36,normative,U06/U10/U11/U13,field dictionary / reconcile.py / impacts.py / reviews.py,U06/U10/U11/U13 implementation verifier; U20 closure reviewer,T29;T06,"For stakeholder 04:36, independently check this leaf: For example, a ""yes"" or ""no"" must perfectly align with actual evidence documented in the registros. Apply T29 expected records and artifact observations; failure or unsupported evidence cannot count as demonstrated.",A;S;I;R;M,docs/acceptance-cases.md#t29,not-demonstrated,not-yet-produced,
INT-091,interviews/interview-B-3.md:L338,"A ""visible label"" does not automatically confirm machine-readable provenance, so we must examine the evidence state for each system directly.",stakeholder 04:36,normative,U06/U10/U11/U13,field dictionary / reconcile.py / impacts.py / reviews.py,U06/U10/U11/U13 implementation verifier; U20 closure reviewer,T06;T29,"For stakeholder 04:36, independently check this leaf: A ""visible label"" does not automatically confirm machine-readable provenance, so we must examine the evidence state for each system directly. Apply T06 expected records and artifact observations; failure or unsupported evidence cannot count as demonstrated.",A;S;I;R;M,docs/acceptance-cases.md#t06,not-demonstrated,not-yet-produced,
INT-092,interviews/interview-B-3.md:L346,"Exposed groups refer to the specific categories of people, such as learners, applicants, or staff, who interact with or are impacted by the AI systems.",stakeholder 04:36,normative,U06/U10/U11/U13,field dictionary / reconcile.py / impacts.py / reviews.py,U06/U10/U11/U13 implementation verifier; U20 closure reviewer,T29;T06,"For stakeholder 04:36, independently check this leaf: Exposed groups refer to the specific categories of people, such as learners, applicants, or staff, who interact with or are impacted by the AI systems. Apply T29 expected records and artifact observations; failure or unsupported evidence cannot count as demonstrated.",A;S;I;R;M,docs/acceptance-cases.md#t29,not-demonstrated,not-yet-produced,
INT-093,interviews/interview-B-3.md:L346,Identifying them correctly in the SYSTEMS register is essential to evaluate the impact and disclosure requirements for each tool.,stakeholder 04:36,normative,U06/U10/U11/U13,field dictionary / reconcile.py / impacts.py / reviews.py,U06/U10/U11/U13 implementation verifier; U20 closure reviewer,T29;T06,"For stakeholder 04:36, independently check this leaf: Identifying them correctly in the SYSTEMS register is essential to evaluate the impact and disclosure requirements for each tool. Apply T29 expected records and artifact observations; failure or unsupported evidence cannot count as demonstrated.",A;S;I;R;M,docs/acceptance-cases.md#t29,not-demonstrated,not-yet-produced,
INT-094,interviews/interview-B-3.md:L348,- [SYSTEMS](https://docs.google.com/spreadsheets/d/10ky745H_1h9XbGCXPJsiRp5yfdeU08TZtmrsCMinGgU),stakeholder 04:36 source declaration,normative,U05/U09,source manifest / authority.py,U05/U09 implementation verifier; U20 closure reviewer,T25;T20,"For stakeholder 04:36 source declaration, independently check this leaf: - [SYSTEMS](https://docs.google.com/spreadsheets/d/10ky745H_1h9XbGCXPJsiRp5yfdeU08TZtmrsCMinGgU). Apply T25 expected records and artifact observations; failure or unsupported evidence cannot count as demonstrated.",A;S;I;R;M,docs/acceptance-cases.md#t25,not-demonstrated,not-yet-produced,
INT-095,interviews/interview-B-3.md:L352,"To evaluate the impact correctly, we look at whether the system interacts with learners, staff, or the public, and whether those groups are exposed to generated or modified content.",stakeholder 04:37,normative,U06/U10/U11/U13,field dictionary / reconcile.py / impacts.py / reviews.py,U06/U10/U11/U13 implementation verifier; U20 closure reviewer,T29;T06,"For stakeholder 04:37, independently check this leaf: To evaluate the impact correctly, we look at whether the system interacts with learners, staff, or the public, and whether those groups are exposed to generated or modified content. Apply T29 expected records and artifact observations; failure or unsupported evidence cannot count as demonstrated.",A;S;I;R;M,docs/acceptance-cases.md#t29,not-demonstrated,not-yet-produced,
INT-096,interviews/interview-B-3.md:L352,This helps determine the specific disclosure and human-review rules that apply.,stakeholder 04:37,normative,U06/U10/U11/U13,field dictionary / reconcile.py / impacts.py / reviews.py,U06/U10/U11/U13 implementation verifier; U20 closure reviewer,T29;T06,"For stakeholder 04:37, independently check this leaf: This helps determine the specific disclosure and human-review rules that apply. Apply T29 expected records and artifact observations; failure or unsupported evidence cannot count as demonstrated.",A;S;I;R;M,docs/acceptance-cases.md#t29,not-demonstrated,not-yet-produced,
INT-097,interviews/interview-B-3.md:L356,"We focus on how these groups interact, such as learners in support chats, staff in internal workflows, or the public in communications.",stakeholder 04:37,normative,U06/U10/U11/U13,field dictionary / reconcile.py / impacts.py / reviews.py,U06/U10/U11/U13 implementation verifier; U20 closure reviewer,T29;T06,"For stakeholder 04:37, independently check this leaf: We focus on how these groups interact, such as learners in support chats, staff in internal workflows, or the public in communications. Apply T29 expected records and artifact observations; failure or unsupported evidence cannot count as demonstrated.",A;S;I;R;M,docs/acceptance-cases.md#t29,not-demonstrated,not-yet-produced,
INT-098,interviews/interview-B-3.md:L356,Each interaction type dictates the specific rule for disclosure and oversight.,stakeholder 04:37,normative,U06/U10/U11/U13,field dictionary / reconcile.py / impacts.py / reviews.py,U06/U10/U11/U13 implementation verifier; U20 closure reviewer,T29;T06,"For stakeholder 04:37, independently check this leaf: Each interaction type dictates the specific rule for disclosure and oversight. Apply T29 expected records and artifact observations; failure or unsupported evidence cannot count as demonstrated.",A;S;I;R;M,docs/acceptance-cases.md#t29,not-demonstrated,not-yet-produced,
INT-099,interviews/interview-B-3.md:L360,These distinctions help me clarify what is supported by the evidence and what remains a factual gap or an unapproved request.,stakeholder 04:37,normative,U06/U10/U11/U13,field dictionary / reconcile.py / impacts.py / reviews.py,U06/U10/U11/U13 implementation verifier; U20 closure reviewer,T29;T06,"For stakeholder 04:37, independently check this leaf: These distinctions help me clarify what is supported by the evidence and what remains a factual gap or an unapproved request. Apply T29 expected records and artifact observations; failure or unsupported evidence cannot count as demonstrated.",A;S;I;R;M,docs/acceptance-cases.md#t29,not-demonstrated,not-yet-produced,
INT-100,interviews/interview-B-3.md:L368,We check whether a clear notice is provided before or at the first interaction.,stakeholder 04:38,normative,U06/U10/U11/U13,field dictionary / reconcile.py / impacts.py / reviews.py,U06/U10/U11/U13 implementation verifier; U20 closure reviewer,T29;T06,"For stakeholder 04:38, independently check this leaf: We check whether a clear notice is provided before or at the first interaction. Apply T29 expected records and artifact observations; failure or unsupported evidence cannot count as demonstrated.",A;S;I;R;M,docs/acceptance-cases.md#t29,not-demonstrated,not-yet-produced,
INT-101,interviews/interview-B-3.md:L368,This confirms if the AI nature of the tool is obvious and meets the transparency requirements in the SYSTEMS register.,stakeholder 04:38,normative,U06/U10/U11/U13,field dictionary / reconcile.py / impacts.py / reviews.py,U06/U10/U11/U13 implementation verifier; U20 closure reviewer,T29;T06,"For stakeholder 04:38, independently check this leaf: This confirms if the AI nature of the tool is obvious and meets the transparency requirements in the SYSTEMS register. Apply T29 expected records and artifact observations; failure or unsupported evidence cannot count as demonstrated.",A;S;I;R;M,docs/acceptance-cases.md#t29,not-demonstrated,not-yet-produced,
INT-102,interviews/interview-B-3.md:L372,"If the AI nature of the system is not obvious, a clear notice is required before or at the first interaction to ensure compliance with our disclosure rules.",stakeholder 04:38,normative,U06/U10/U11/U13,field dictionary / reconcile.py / impacts.py / reviews.py,U06/U10/U11/U13 implementation verifier; U20 closure reviewer,T29;T06,"For stakeholder 04:38, independently check this leaf: If the AI nature of the system is not obvious, a clear notice is required before or at the first interaction to ensure compliance with our disclosure rules. Apply T29 expected records and artifact observations; failure or unsupported evidence cannot count as demonstrated.",A;S;I;R;M,docs/acceptance-cases.md#t29,not-demonstrated,not-yet-produced,
INT-103,interviews/interview-B-3.md:L384,"A clear notice informs users that they are interacting with an AI system, either by stating it directly in a message before the conversation starts, or making its AI nature obvious at the very first interaction.",stakeholder 04:38,normative,U06/U10/U11/U13,field dictionary / reconcile.py / impacts.py / reviews.py,U06/U10/U11/U13 implementation verifier; U20 closure reviewer,T29;T06,"For stakeholder 04:38, independently check this leaf: A clear notice informs users that they are interacting with an AI system, either by stating it directly in a message before the conversation starts, or making its AI nature obvious at the very first interaction. Apply T29 expected records and artifact observations; failure or unsupported evidence cannot count as demonstrated.",A;S;I;R;M,docs/acceptance-cases.md#t29,not-demonstrated,not-yet-produced,
INT-104,interviews/interview-B-3.md:L392,Human review paths describe how staff verify AI-generated outputs before they are sent to learners or the public.,stakeholder 04:39,normative,U06/U10/U11/U13,field dictionary / reconcile.py / impacts.py / reviews.py,U06/U10/U11/U13 implementation verifier; U20 closure reviewer,T29;T06,"For stakeholder 04:39, independently check this leaf: Human review paths describe how staff verify AI-generated outputs before they are sent to learners or the public. Apply T29 expected records and artifact observations; failure or unsupported evidence cannot count as demonstrated.",A;S;I;R;M,docs/acceptance-cases.md#t29,not-demonstrated,not-yet-produced,
INT-105,interviews/interview-B-3.md:L392,We check these paths in the SYSTEMS register to ensure compliance with our internal review policies.,stakeholder 04:39,normative,U06/U10/U11/U13,field dictionary / reconcile.py / impacts.py / reviews.py,U06/U10/U11/U13 implementation verifier; U20 closure reviewer,T29;T06,"For stakeholder 04:39, independently check this leaf: We check these paths in the SYSTEMS register to ensure compliance with our internal review policies. Apply T29 expected records and artifact observations; failure or unsupported evidence cannot count as demonstrated.",A;S;I;R;M,docs/acceptance-cases.md#t29,not-demonstrated,not-yet-produced,
INT-106,interviews/interview-B-3.md:L396,This step ensures that outputs are accurate and aligned with our standards before they are delivered to learners or the public.,stakeholder 04:39,normative,U06/U10/U11/U13,field dictionary / reconcile.py / impacts.py / reviews.py,U06/U10/U11/U13 implementation verifier; U20 closure reviewer,T29;T06,"For stakeholder 04:39, independently check this leaf: This step ensures that outputs are accurate and aligned with our standards before they are delivered to learners or the public. Apply T29 expected records and artifact observations; failure or unsupported evidence cannot count as demonstrated.",A;S;I;R;M,docs/acceptance-cases.md#t29,not-demonstrated,not-yet-produced,
INT-107,interviews/interview-B-3.md:L404,"Yes, the provider and deployer roles and the evidence reference links are also critical for verifying the source of our compliance checks in the SYSTEMS register.",stakeholder 04:39,normative,U06/U10/U11/U13,field dictionary / reconcile.py / impacts.py / reviews.py,U06/U10/U11/U13 implementation verifier; U20 closure reviewer,T29;T06,"For stakeholder 04:39, independently check this leaf: Yes, the provider and deployer roles and the evidence reference links are also critical for verifying the source of our compliance checks in the SYSTEMS register. Apply T29 expected records and artifact observations; failure or unsupported evidence cannot count as demonstrated.",A;S;I;R;M,docs/acceptance-cases.md#t29,not-demonstrated,not-yet-produced,
INT-108,interviews/interview-B-3.md:L416,The provider and deployer roles determine compliance.,stakeholder 04:40,normative,U06/U10/U11/U13,field dictionary / reconcile.py / impacts.py / reviews.py,U06/U10/U11/U13 implementation verifier; U20 closure reviewer,T29;T06,"For stakeholder 04:40, independently check this leaf: The provider and deployer roles determine compliance. Apply T29 expected records and artifact observations; failure or unsupported evidence cannot count as demonstrated.",A;S;I;R;M,docs/acceptance-cases.md#t29,not-demonstrated,not-yet-produced,
INT-109,interviews/interview-B-3.md:L416,"Quillhaven mostly licenses third-party tools, acting as a deployer, so we must ensure disclosure and provenance align with the binding legal requirements.",stakeholder 04:40,normative,U06/U10/U11/U13,field dictionary / reconcile.py / impacts.py / reviews.py,U06/U10/U11/U13 implementation verifier; U20 closure reviewer,T29;T06,"For stakeholder 04:40, independently check this leaf: Quillhaven mostly licenses third-party tools, acting as a deployer, so we must ensure disclosure and provenance align with the binding legal requirements. Apply T29 expected records and artifact observations; failure or unsupported evidence cannot count as demonstrated.",A;S;I;R;M,docs/acceptance-cases.md#t29,not-demonstrated,not-yet-produced,
INT-110,interviews/interview-B-3.md:L417,- [OJ](https://eur-lex.europa.eu/eli/reg/2024/1689/oj/eng),stakeholder 04:40 source declaration,normative,U05/U09,source manifest / authority.py,U05/U09 implementation verifier; U20 closure reviewer,T25;T20,"For stakeholder 04:40 source declaration, independently check this leaf: - [OJ](https://eur-lex.europa.eu/eli/reg/2024/1689/oj/eng). Apply T25 expected records and artifact observations; failure or unsupported evidence cannot count as demonstrated.",A;S;I;R;M,docs/acceptance-cases.md#t25,not-demonstrated,not-yet-produced,
INT-111,interviews/interview-B-3.md:L418,- [AMEND](https://eur-lex.europa.eu/legal-content/EN/TXT/?uri=OJ%3AL_202601744),stakeholder 04:40 source declaration,normative,U05/U09,source manifest / authority.py,U05/U09 implementation verifier; U20 closure reviewer,T25;T20,"For stakeholder 04:40 source declaration, independently check this leaf: - [AMEND](https://eur-lex.europa.eu/legal-content/EN/TXT/?uri=OJ%3AL_202601744). Apply T25 expected records and artifact observations; failure or unsupported evidence cannot count as demonstrated.",A;S;I;R;M,docs/acceptance-cases.md#t25,not-demonstrated,not-yet-produced,
INT-112,interviews/interview-B-3.md:L419,- [CONSOLIDATED](https://eur-lex.europa.eu/legal-content/EN/TXT/?uri=CELEX:02024R1689-20260727),stakeholder 04:40 source declaration,normative,U05/U09,source manifest / authority.py,U05/U09 implementation verifier; U20 closure reviewer,T25;T20,"For stakeholder 04:40 source declaration, independently check this leaf: - [CONSOLIDATED](https://eur-lex.europa.eu/legal-content/EN/TXT/?uri=CELEX:02024R1689-20260727). Apply T25 expected records and artifact observations; failure or unsupported evidence cannot count as demonstrated.",A;S;I;R;M,docs/acceptance-cases.md#t25,not-demonstrated,not-yet-produced,
INT-113,interviews/interview-B-3.md:L423,"Legal establishes the final interpretation of how these roles apply under binding law, while as a deployer, we confirm our own operational steps.",stakeholder 04:40,normative,U06/U10/U11/U13,field dictionary / reconcile.py / impacts.py / reviews.py,U06/U10/U11/U13 implementation verifier; U20 closure reviewer,T29;T06,"For stakeholder 04:40, independently check this leaf: Legal establishes the final interpretation of how these roles apply under binding law, while as a deployer, we confirm our own operational steps. Apply T29 expected records and artifact observations; failure or unsupported evidence cannot count as demonstrated.",A;S;I;R;M,docs/acceptance-cases.md#t29,not-demonstrated,not-yet-produced,
INT-114,interviews/interview-B-3.md:L431,"The EVIDENCE register contains record IDs, system IDs, the owner responsible, and the specific evidence state.",stakeholder 04:41,normative,U06/U08/U10/U13,normalize.py / report adapters / reconcile.py / reviews.py,U06/U08/U10/U13 implementation verifier; U20 closure reviewer,T05;T04;T25,"For stakeholder 04:41, independently check this leaf: The EVIDENCE register contains record IDs, system IDs, the owner responsible, and the specific evidence state. Apply T05 expected records and artifact observations; failure or unsupported evidence cannot count as demonstrated.",A;S;I;R;M,docs/acceptance-cases.md#t05,not-demonstrated,not-yet-produced,
INT-115,interviews/interview-B-3.md:L431,"Labels like complete, partial, or conflicting are crucial for identifying factual gaps and ongoing incidents.",stakeholder 04:41,normative,U06/U08/U10/U13,normalize.py / report adapters / reconcile.py / reviews.py,U06/U08/U10/U13 implementation verifier; U20 closure reviewer,T05;T04;T25,"For stakeholder 04:41, independently check this leaf: Labels like complete, partial, or conflicting are crucial for identifying factual gaps and ongoing incidents. Apply T05 expected records and artifact observations; failure or unsupported evidence cannot count as demonstrated.",A;S;I;R;M,docs/acceptance-cases.md#t05,not-demonstrated,not-yet-produced,
INT-116,interviews/interview-B-3.md:L435,These states help me isolate missing proof or contradictions that system owners need to resolve before we finalize the package.,stakeholder 04:41,normative,U06/U08/U10/U13,normalize.py / report adapters / reconcile.py / reviews.py,U06/U08/U10/U13 implementation verifier; U20 closure reviewer,T05;T04;T25,"For stakeholder 04:41, independently check this leaf: These states help me isolate missing proof or contradictions that system owners need to resolve before we finalize the package. Apply T05 expected records and artifact observations; failure or unsupported evidence cannot count as demonstrated.",A;S;I;R;M,docs/acceptance-cases.md#t05,not-demonstrated,not-yet-produced,
INT-117,interviews/interview-B-3.md:L443,"""Complete"" means all evidence has been supplied but does not prove compliance.",stakeholder 04:41,normative,U06/U08/U10/U13,normalize.py / report adapters / reconcile.py / reviews.py,U06/U08/U10/U13 implementation verifier; U20 closure reviewer,T05;T04;T25,"For stakeholder 04:41, independently check this leaf: ""Complete"" means all evidence has been supplied but does not prove compliance. Apply T05 expected records and artifact observations; failure or unsupported evidence cannot count as demonstrated.",A;S;I;R;M,docs/acceptance-cases.md#t05,not-demonstrated,not-yet-produced,
INT-118,interviews/interview-B-3.md:L443,"""Partial"" indicates some aspects, like provenance, are missing verification.",stakeholder 04:41,normative,U06/U08/U10/U13,normalize.py / report adapters / reconcile.py / reviews.py,U06/U08/U10/U13 implementation verifier; U20 closure reviewer,T05;T04;T25,"For stakeholder 04:41, independently check this leaf: ""Partial"" indicates some aspects, like provenance, are missing verification. Apply T05 expected records and artifact observations; failure or unsupported evidence cannot count as demonstrated.",A;S;I;R;M,docs/acceptance-cases.md#t05,not-demonstrated,not-yet-produced,
INT-119,interviews/interview-B-3.md:L443,"""Conflicting"" means there is a contradiction between reported evidence and actual capture.",stakeholder 04:41,normative,U06/U08/U10/U13,normalize.py / report adapters / reconcile.py / reviews.py,U06/U08/U10/U13 implementation verifier; U20 closure reviewer,T05;T04;T25,"For stakeholder 04:41, independently check this leaf: ""Conflicting"" means there is a contradiction between reported evidence and actual capture. Apply T05 expected records and artifact observations; failure or unsupported evidence cannot count as demonstrated.",A;S;I;R;M,docs/acceptance-cases.md#t05,not-demonstrated,not-yet-produced,
INT-120,interviews/interview-B-3.md:L447,These states are vital for managing the factual gaps and preventing invalid compliance assumptions in our drafts.,stakeholder 04:41,normative,U06/U08/U10/U13,normalize.py / report adapters / reconcile.py / reviews.py,U06/U08/U10/U13 implementation verifier; U20 closure reviewer,T05;T04;T25,"For stakeholder 04:41, independently check this leaf: These states are vital for managing the factual gaps and preventing invalid compliance assumptions in our drafts. Apply T05 expected records and artifact observations; failure or unsupported evidence cannot count as demonstrated.",A;S;I;R;M,docs/acceptance-cases.md#t05,not-demonstrated,not-yet-produced,
INT-121,interviews/interview-B-3.md:L455,"You should look closer at the underlying reports for each incident, such as page captures or export tests, rather than just relying on the status.",stakeholder 04:42,normative,U06/U08/U10/U13,normalize.py / report adapters / reconcile.py / reviews.py,U06/U08/U10/U13 implementation verifier; U20 closure reviewer,T25;T05;T04,"For stakeholder 04:42, independently check this leaf: You should look closer at the underlying reports for each incident, such as page captures or export tests, rather than just relying on the status. Apply T25 expected records and artifact observations; failure or unsupported evidence cannot count as demonstrated.",A;S;I;R;M,docs/acceptance-cases.md#t25,not-demonstrated,not-yet-produced,
INT-122,interviews/interview-B-3.md:L459,"These reports are where the concrete evidence details lie, helping me assess the real state of each system.",stakeholder 04:42,normative,U06/U08/U10/U13,normalize.py / report adapters / reconcile.py / reviews.py,U06/U08/U10/U13 implementation verifier; U20 closure reviewer,T25;T05;T04,"For stakeholder 04:42, independently check this leaf: These reports are where the concrete evidence details lie, helping me assess the real state of each system. Apply T25 expected records and artifact observations; failure or unsupported evidence cannot count as demonstrated.",A;S;I;R;M,docs/acceptance-cases.md#t25,not-demonstrated,not-yet-produced,
INT-123,interviews/interview-B-3.md:L467,"I examine specific reports like avatar page captures, localisation test exports, and owner statements.",stakeholder 04:42,normative,U06/U08/U10/U13,normalize.py / report adapters / reconcile.py / reviews.py,U06/U08/U10/U13 implementation verifier; U20 closure reviewer,T25;T05;T04,"For stakeholder 04:42, independently check this leaf: I examine specific reports like avatar page captures, localisation test exports, and owner statements. Apply T25 expected records and artifact observations; failure or unsupported evidence cannot count as demonstrated.",A;S;I;R;M,docs/acceptance-cases.md#t25,not-demonstrated,not-yet-produced,
INT-124,interviews/interview-B-3.md:L467,This helps me verify disclosure and provenance for each system.,stakeholder 04:42,normative,U06/U08/U10/U13,normalize.py / report adapters / reconcile.py / reviews.py,U06/U08/U10/U13 implementation verifier; U20 closure reviewer,T06;T05;T04;T25,"For stakeholder 04:42, independently check this leaf: This helps me verify disclosure and provenance for each system. Apply T06 expected records and artifact observations; failure or unsupported evidence cannot count as demonstrated.",A;S;I;R;M,docs/acceptance-cases.md#t06,not-demonstrated,not-yet-produced,
INT-125,interviews/interview-B-3.md:L469,- [EVIDENCE](https://docs.google.com/spreadsheets/d/19BYZ68OSbsa1i9OfF6MzthrdC6q6mt6IWk6ucI8u7Rk),stakeholder 04:42 source declaration,normative,U05/U09,source manifest / authority.py,U05/U09 implementation verifier; U20 closure reviewer,T25;T20,"For stakeholder 04:42 source declaration, independently check this leaf: - [EVIDENCE](https://docs.google.com/spreadsheets/d/19BYZ68OSbsa1i9OfF6MzthrdC6q6mt6IWk6ucI8u7Rk). Apply T25 expected records and artifact observations; failure or unsupported evidence cannot count as demonstrated.",A;S;I;R;M,docs/acceptance-cases.md#t25,not-demonstrated,not-yet-produced,
INT-126,interviews/interview-B-3.md:L473,These capture details help highlight contradictions between what is stated by the owner and what is actually captured.,stakeholder 04:42,normative,U06/U08/U10/U13,normalize.py / report adapters / reconcile.py / reviews.py,U06/U08/U10/U13 implementation verifier; U20 closure reviewer,T05;T04;T25,"For stakeholder 04:42, independently check this leaf: These capture details help highlight contradictions between what is stated by the owner and what is actually captured. Apply T05 expected records and artifact observations; failure or unsupported evidence cannot count as demonstrated.",A;S;I;R;M,docs/acceptance-cases.md#t05,not-demonstrated,not-yet-produced,
INT-127,interviews/interview-B-3.md:L481,"I access these reports by following the links provided in the EVIDENCE register for each system, allowing me to inspect the actual captures or test results directly.",stakeholder 04:43,normative,U06/U08/U10/U13,normalize.py / report adapters / reconcile.py / reviews.py,U06/U08/U10/U13 implementation verifier; U20 closure reviewer,T25;T05;T04,"For stakeholder 04:43, independently check this leaf: I access these reports by following the links provided in the EVIDENCE register for each system, allowing me to inspect the actual captures or test results directly. Apply T25 expected records and artifact observations; failure or unsupported evidence cannot count as demonstrated.",A;S;I;R;M,docs/acceptance-cases.md#t25,not-demonstrated,not-yet-produced,
INT-128,interviews/interview-B-3.md:L485,This direct inspection ensures that our compliance assessment is based on verified facts rather than assumptions or superseded information.,stakeholder 04:43,normative,U06/U08/U10/U13,normalize.py / report adapters / reconcile.py / reviews.py,U06/U08/U10/U13 implementation verifier; U20 closure reviewer,T25;T05;T04,"For stakeholder 04:43, independently check this leaf: This direct inspection ensures that our compliance assessment is based on verified facts rather than assumptions or superseded information. Apply T25 expected records and artifact observations; failure or unsupported evidence cannot count as demonstrated.",A;S;I;R;M,docs/acceptance-cases.md#t25,not-demonstrated,not-yet-produced,
INT-129,interviews/interview-B-3.md:L493,"Currently, human review by the system owners and Legal is required to resolve factual contradictions and interpretations, as automated tools cannot substitute for authorized role decisions.",stakeholder 04:43,normative,U06/U08/U10/U13,normalize.py / report adapters / reconcile.py / reviews.py,U06/U08/U10/U13 implementation verifier; U20 closure reviewer,T29;T05;T04;T25,"For stakeholder 04:43, independently check this leaf: Currently, human review by the system owners and Legal is required to resolve factual contradictions and interpretations, as automated tools cannot substitute for authorized role decisions. Apply T29 expected records and artifact observations; failure or unsupported evidence cannot count as demonstrated.",A;S;I;R;M,docs/acceptance-cases.md#t29,not-demonstrated,not-yet-produced,
INT-130,interviews/interview-B-3.md:L501,"The CALENDAR tracks actions, responsible owners, due dates, and the status of compliance tasks.",stakeholder 04:44,normative,U12/U13/U16,actions.py / reviews.py / calendar.py,U12/U13/U16 implementation verifier; U20 closure reviewer,T11;T05;T29,"For stakeholder 04:44, independently check this leaf: The CALENDAR tracks actions, responsible owners, due dates, and the status of compliance tasks. Apply T11 expected records and artifact observations; failure or unsupported evidence cannot count as demonstrated.",A;S;I;R;M,docs/acceptance-cases.md#t11,not-demonstrated,not-yet-produced,
INT-131,interviews/interview-B-3.md:L501,"Key columns include the action and system IDs, the assigned owner, the deadline, and the required review path.",stakeholder 04:44,normative,U12/U13/U16,actions.py / reviews.py / calendar.py,U12/U13/U16 implementation verifier; U20 closure reviewer,T11;T05;T29,"For stakeholder 04:44, independently check this leaf: Key columns include the action and system IDs, the assigned owner, the deadline, and the required review path. Apply T11 expected records and artifact observations; failure or unsupported evidence cannot count as demonstrated.",A;S;I;R;M,docs/acceptance-cases.md#t11,not-demonstrated,not-yet-produced,
INT-132,interviews/interview-B-3.md:L503,- [CALENDAR](https://docs.google.com/spreadsheets/d/1xtXl_P7Yb9LaECZjjgtlyI-idoAJTAhH-1gQ4vQaCGA),stakeholder 04:44 source declaration,normative,U05/U09,source manifest / authority.py,U05/U09 implementation verifier; U20 closure reviewer,T25;T20,"For stakeholder 04:44 source declaration, independently check this leaf: - [CALENDAR](https://docs.google.com/spreadsheets/d/1xtXl_P7Yb9LaECZjjgtlyI-idoAJTAhH-1gQ4vQaCGA). Apply T25 expected records and artifact observations; failure or unsupported evidence cannot count as demonstrated.",A;S;I;R;M,docs/acceptance-cases.md#t25,not-demonstrated,not-yet-produced,
INT-133,interviews/interview-B-3.md:L507,"These fields ensure accountability and operational control, allowing us to verify that owners meet deadlines and that approvals are clearly visible.",stakeholder 04:44,normative,U12/U13/U16,actions.py / reviews.py / calendar.py,U12/U13/U16 implementation verifier; U20 closure reviewer,T11;T05;T29,"For stakeholder 04:44, independently check this leaf: These fields ensure accountability and operational control, allowing us to verify that owners meet deadlines and that approvals are clearly visible. Apply T11 expected records and artifact observations; failure or unsupported evidence cannot count as demonstrated.",A;S;I;R;M,docs/acceptance-cases.md#t11,not-demonstrated,not-yet-produced,
INT-134,interviews/interview-B-3.md:L515,"The action column details the specific compliance task required, such as verifying provenance or updating records.",stakeholder 04:44,normative,U12/U13/U16,actions.py / reviews.py / calendar.py,U12/U13/U16 implementation verifier; U20 closure reviewer,T11;T05;T29,"For stakeholder 04:44, independently check this leaf: The action column details the specific compliance task required, such as verifying provenance or updating records. Apply T11 expected records and artifact observations; failure or unsupported evidence cannot count as demonstrated.",A;S;I;R;M,docs/acceptance-cases.md#t11,not-demonstrated,not-yet-produced,
INT-135,interviews/interview-B-3.md:L515,It outlines the exact steps owners must take.,stakeholder 04:44,normative,U12/U13/U16,actions.py / reviews.py / calendar.py,U12/U13/U16 implementation verifier; U20 closure reviewer,T11;T05;T29,"For stakeholder 04:44, independently check this leaf: It outlines the exact steps owners must take. Apply T11 expected records and artifact observations; failure or unsupported evidence cannot count as demonstrated.",A;S;I;R;M,docs/acceptance-cases.md#t11,not-demonstrated,not-yet-produced,
INT-136,interviews/interview-B-3.md:L517,- [CALENDAR](https://docs.google.com/spreadsheets/d/1xtXl_P7Yb9LaECZjjgtlyI-idoAJTAhH-1gQ4vQaCGA),stakeholder 04:44 source declaration,normative,U05/U09,source manifest / authority.py,U05/U09 implementation verifier; U20 closure reviewer,T25;T20,"For stakeholder 04:44 source declaration, independently check this leaf: - [CALENDAR](https://docs.google.com/spreadsheets/d/1xtXl_P7Yb9LaECZjjgtlyI-idoAJTAhH-1gQ4vQaCGA). Apply T25 expected records and artifact observations; failure or unsupported evidence cannot count as demonstrated.",A;S;I;R;M,docs/acceptance-cases.md#t25,not-demonstrated,not-yet-produced,
INT-137,interviews/interview-B-3.md:L521,"For each action, it designates a specific owner and deadline, linking the task to a system ID to ensure consistent cross-draft tracking.",stakeholder 04:45,normative,U12/U13/U16,actions.py / reviews.py / calendar.py,U12/U13/U16 implementation verifier; U20 closure reviewer,T11;T05;T29,"For stakeholder 04:45, independently check this leaf: For each action, it designates a specific owner and deadline, linking the task to a system ID to ensure consistent cross-draft tracking. Apply T11 expected records and artifact observations; failure or unsupported evidence cannot count as demonstrated.",A;S;I;R;M,docs/acceptance-cases.md#t11,not-demonstrated,not-yet-produced,
INT-138,interviews/interview-B-3.md:L529,The due date specifies the deadline by which the assigned owner must complete the compliance action.,stakeholder 04:45,normative,U12/U13/U16,actions.py / reviews.py / calendar.py,U12/U13/U16 implementation verifier; U20 closure reviewer,T11;T05;T29,"For stakeholder 04:45, independently check this leaf: The due date specifies the deadline by which the assigned owner must complete the compliance action. Apply T11 expected records and artifact observations; failure or unsupported evidence cannot count as demonstrated.",A;S;I;R;M,docs/acceptance-cases.md#t11,not-demonstrated,not-yet-produced,
INT-139,interviews/interview-B-3.md:L529,It ensures operational control and anchors our timeline for finalizing the review package.,stakeholder 04:45,normative,U12/U13/U16,actions.py / reviews.py / calendar.py,U12/U13/U16 implementation verifier; U20 closure reviewer,T11;T05;T29,"For stakeholder 04:45, independently check this leaf: It ensures operational control and anchors our timeline for finalizing the review package. Apply T11 expected records and artifact observations; failure or unsupported evidence cannot count as demonstrated.",A;S;I;R;M,docs/acceptance-cases.md#t11,not-demonstrated,not-yet-produced,
INT-140,interviews/interview-B-3.md:L533,The date is fixed to ensure all drafts and subsequent reviews remain consistent across the whole compliance workflow.,stakeholder 04:45,normative,U12/U13/U16,actions.py / reviews.py / calendar.py,U12/U13/U16 implementation verifier; U20 closure reviewer,T11;T05;T29,"For stakeholder 04:45, independently check this leaf: The date is fixed to ensure all drafts and subsequent reviews remain consistent across the whole compliance workflow. Apply T11 expected records and artifact observations; failure or unsupported evidence cannot count as demonstrated.",A;S;I;R;M,docs/acceptance-cases.md#t11,not-demonstrated,not-yet-produced,
INT-141,interviews/interview-B-3.md:L541,"The status labels indicate whether an action is planned, open, blocked, scheduled, or closed.",stakeholder 04:45,normative,U12/U13/U16,actions.py / reviews.py / calendar.py,U12/U13/U16 implementation verifier; U20 closure reviewer,T11;T05;T29,"For stakeholder 04:45, independently check this leaf: The status labels indicate whether an action is planned, open, blocked, scheduled, or closed. Apply T11 expected records and artifact observations; failure or unsupported evidence cannot count as demonstrated.",A;S;I;R;M,docs/acceptance-cases.md#t11,not-demonstrated,not-yet-produced,
INT-142,interviews/interview-B-3.md:L541,It's important to note that none of these mean the action is approved or complete.,stakeholder 04:45,normative,U12/U13/U16,actions.py / reviews.py / calendar.py,U12/U13/U16 implementation verifier; U20 closure reviewer,T11;T05;T29,"For stakeholder 04:45, independently check this leaf: It's important to note that none of these mean the action is approved or complete. Apply T11 expected records and artifact observations; failure or unsupported evidence cannot count as demonstrated.",A;S;I;R;M,docs/acceptance-cases.md#t11,not-demonstrated,not-yet-produced,
INT-143,interviews/interview-B-3.md:L543,- [CALENDAR](https://docs.google.com/spreadsheets/d/1xtXl_P7Yb9LaECZjjgtlyI-idoAJTAhH-1gQ4vQaCGA),stakeholder 04:45 source declaration,normative,U05/U09,source manifest / authority.py,U05/U09 implementation verifier; U20 closure reviewer,T25;T20,"For stakeholder 04:45 source declaration, independently check this leaf: - [CALENDAR](https://docs.google.com/spreadsheets/d/1xtXl_P7Yb9LaECZjjgtlyI-idoAJTAhH-1gQ4vQaCGA). Apply T25 expected records and artifact observations; failure or unsupported evidence cannot count as demonstrated.",A;S;I;R;M,docs/acceptance-cases.md#t25,not-demonstrated,not-yet-produced,
INT-144,interviews/interview-B-3.md:L547,These states help us track the operational progression of each task across the calendar.,stakeholder 04:46,normative,U12/U13/U16,actions.py / reviews.py / calendar.py,U12/U13/U16 implementation verifier; U20 closure reviewer,T11;T05;T29,"For stakeholder 04:46, independently check this leaf: These states help us track the operational progression of each task across the calendar. Apply T11 expected records and artifact observations; failure or unsupported evidence cannot count as demonstrated.",A;S;I;R;M,docs/acceptance-cases.md#t11,not-demonstrated,not-yet-produced,
INT-145,interviews/interview-B-3.md:L555,"You should pay close attention to the required review column, which links actions to specific review paths, ensuring all changes correctly propagate across the workflow.",stakeholder 04:46,normative,U12/U13/U16,actions.py / reviews.py / calendar.py,U12/U13/U16 implementation verifier; U20 closure reviewer,T11;T05;T29,"For stakeholder 04:46, independently check this leaf: You should pay close attention to the required review column, which links actions to specific review paths, ensuring all changes correctly propagate across the workflow. Apply T11 expected records and artifact observations; failure or unsupported evidence cannot count as demonstrated.",A;S;I;R;M,docs/acceptance-cases.md#t11,not-demonstrated,not-yet-produced,
INT-146,interviews/interview-B-3.md:L571,Please feel free to reach out if any other questions come up as you review the materials for the Article 50 compliance workflow.,stakeholder 04:46,conversational/non-normative,,,,,,,,not-applicable-with-basis,docs/verification/interview-meaning-inventory.csv,Invitation for follow-up questions; asserts no workflow behavior or authorization.
